USE Museum;
GO





INSERT INTO EserTurleri (Ad, Aciklama) VALUES
('Resim', 'Tuvaller üzerine yapýlmýþ sanat eserleri'),
('Heykel', 'Taþ, mermer veya bronzdan yapýlmýþ üç boyutlu eserler'),
('Mozaik', 'Taþ veya cam parçalarýyla oluþturulan görsel sanat'),
('Seramik', 'Piþmiþ topraktan yapýlmýþ sanatsal nesneler'),
('Fotoðraf', 'Sanatsal veya belgesel amaçlý çekilmiþ fotoðraflar'),
('Minyatür', 'Detaylý ve küçük boyutlu el çizimleri'),
('Hat', 'Kaligrafi sanatýna dayanan yazý eserleri'),
('Tezhip', 'Altýnla yapýlan süsleme sanatý'),
('Gravür', 'Oyma tekniði ile yapýlmýþ baský eserler'),
('Cam Sanatý', 'Camdan yapýlmýþ sanatsal nesneler'),
('Ahþap Ýþçiliði', 'Ahþap malzemelerden yapýlmýþ el iþi ürünler'),
('Metal Ýþçiliði', 'Demir, bakýr gibi metallerden yapýlmýþ eserler'),
('Tekstil Sanatý', 'Kumaþ ve ipliklerle yapýlan sanat eserleri'),
('Taký Tasarýmý', 'Sanatsal mücevher ve aksesuarlar'),
('Dijital Sanat', 'Bilgisayar ortamýnda üretilmiþ sanat eserleri'),
('Enstalasyon', 'Mekâna özgü kurulan üç boyutlu sanat yapýlarý'),
('Multimedya Sanatý', 'Ses, video ve grafik birleþtirilerek oluþturulan eserler'),
('Arkeolojik Eser', 'Kazýlarda ortaya çýkarýlmýþ tarihi objeler'),
('Yazma Eser', 'El yazmasý kitaplar ve parþömenler'),
('Tarihî Belge', 'Eski yazýlý belgeler, mektuplar, fermanlar'),
('Kostüm', 'Tarihî kýyafetler ve aksesuarlar'),
('Taký', 'Tarihî veya sanatsal deðeri olan kolye, yüzük vb.'),
('Mobilya', 'Antika masa, sandalye, dolap gibi eþyalar'),
('Etnografik Eser', 'Halk kültürünü yansýtan eþyalar'),
('Harita', 'Tarihî veya sanatsal haritalar'),
('Silah', 'Kýlýç, tüfek, tabanca gibi tarihî silahlar'),
('Müzik Aleti', 'Tarihî enstrümanlar'),
('Sikke', 'Antik veya tarihî madeni paralar'),
('Madalya', 'Tarihî veya özel ödül niteliðindeki madalyalar'),
('Poster', 'Tarihî veya sanatsal afiþler');


INSERT INTO Sanatcilar (Ad, DogumTarihi, OlumTarihi, Ulke, Biyografi) VALUES
('Leonardo da Vinci', '1452-04-15', '1519-05-02', 'Ýtalya', 'Rönesans döneminin önemli sanatçýsý, bilim insaný ve mucit.'),
('Vincent van Gogh', '1853-03-30', '1890-07-29', 'Hollanda', 'Post-empresyonist ressam, duygusal ve güçlü fýrça darbeleriyle bilinir.'),
('Pablo Picasso', '1881-10-25', '1973-04-08', 'Ýspanya', 'Kübizm akýmýnýn kurucusu olan ünlü modern sanatçý.'),
('Frida Kahlo', '1907-07-06', '1954-07-13', 'Meksika', 'Kendi yaþamý ve acýlarý üzerine yaptýðý otoportrelerle tanýnýr.'),
('Salvador Dalí', '1904-05-11', '1989-01-23', 'Ýspanya', 'Sürrealizm akýmýnýn önde gelen temsilcisi.'),
('Claude Monet', '1840-11-14', '1926-12-05', 'Fransa', 'Empresyonist akýmýn öncülerindendir.'),
('Michelangelo', '1475-03-06', '1564-02-18', 'Ýtalya', 'Rönesans dönemi heykeltýraþý ve ressamý, Sistina Þapeli ile bilinir.'),
('Jackson Pollock', '1912-01-28', '1956-08-11', 'ABD', 'Soyut dýþavurumculuðun öncüsü, damlatma tekniði ile tanýnýr.'),
('Andy Warhol', '1928-08-06', '1987-02-22', 'ABD', 'Pop art akýmýnýn en tanýnan sanatçýlarýndan biridir.'),
('Ýbrahim Balaban', '1921-01-01', '2019-06-09', 'Türkiye', 'Toplumcu gerçekçilik akýmýnýn temsilcilerinden biridir.'),
('Banksy', '1974-01-01', NULL, 'Ýngiltere', 'Kimliði bilinmeyen sokak sanatçýsý, politik duvar resimleriyle tanýnýr.'),
('Ayþe Yýlmaz', '1985-05-10', NULL, 'Türkiye', 'Modern sanat üzerine çalýþan çaðdaþ bir Türk ressamýdýr.'),
('Ali Demir', '1970-11-22', NULL, 'Türkiye', 'Anadolu motifleri üzerine çalýþan heykeltýraþ.'),
('Elif Kaya', '1992-04-04', NULL, 'Türkiye', 'Dijital sanat alanýnda üretim yapan genç sanatçý.'),
('Kazimir Malevich', '1879-02-23', '1935-05-15', 'Rusya', 'Süprematizm akýmýnýn kurucusu.'),
('Yayoi Kusama', '1929-03-22', NULL, 'Japonya', 'Enstalasyon sanatýnda nokta desenleriyle ünlü çaðdaþ sanatçý.'),
('Henri Matisse', '1869-12-31', '1954-11-03', 'Fransa', 'Fovist akýmýn kurucularýndan, renk kullanýmýyla dikkat çeker.'),
('Georgia O’Keeffe', '1887-11-15', '1986-03-06', 'ABD', 'Amerikan modernizminin öncülerindendir.'),
('Lucian Freud', '1922-12-08', '2011-07-20', 'Ýngiltere', 'Figüratif portreleriyle bilinen ressam.'),
('Zehra Arslan', '1995-06-12', NULL, 'Türkiye', 'Sanat enstalasyonlarý ve performans sanatýyla ilgilenmektedir.'),
('Gustav Klimt', '1862-07-14', '1918-02-06', 'Avusturya', 'Sembolizm ve Art Nouveau akýmlarýnýn önde gelen ressamlarýndan.'),
('René Magritte', '1898-11-21', '1967-08-15', 'Belçika', 'Sürrealist akýmýn önemli temsilcisi.'),
('Joan Miró', '1893-04-20', '1983-12-25', 'Ýspanya', 'Soyut ve sürrealist tarzda eserler vermiþ ünlü sanatçý.'),
('Edvard Munch', '1863-12-12', '1944-01-23', 'Norveç', '“Çýðlýk” tablosunun ressamý, ekspresyonist sanatçý.'),
('Diego Rivera', '1886-12-08', '1957-11-24', 'Meksika', 'Meksika duvar resmi sanatýnýn öncüsü.'),
('Marc Chagall', '1887-07-06', '1985-03-28', 'Beyaz Rusya', 'Modernizm ve sürrealizm arasýnda etkili bir sanatçý.'),
('Wassily Kandinsky', '1866-12-16', '1944-12-13', 'Rusya', 'Soyut sanatýn kurucularýndan.'),
('Paul Cézanne', '1839-01-19', '1906-10-22', 'Fransa', 'Modern sanatýn öncüsü, post-empresyonist ressam.'),
('Georges Seurat', '1859-12-02', '1891-03-29', 'Fransa', 'Noktalama tekniðiyle ünlü ressam.'),
('Henri Rousseau', '1844-05-21', '1910-09-02', 'Fransa', 'Naif sanatýn önemli temsilcisi.'),
('Barbara Hepworth', '1903-01-10', '1975-05-20', 'Ýngiltere', 'Modern heykeltýraþ, soyut eserler üretmiþtir.'),
('Auguste Rodin', '1840-11-12', '1917-11-17', 'Fransa', 'Modern heykel sanatýnýn öncüsü.'),
('Marina Abramovi?', '1946-11-30', NULL, 'Sýrbistan', 'Performans sanatýnýn öncü isimlerinden.'),
('Keith Haring', '1958-05-04', '1990-02-16', 'ABD', 'Pop art ve graffiti sanatçýsý.'),
('Cindy Sherman', '1954-01-19', NULL, 'ABD', 'Fotoðrafçý ve çaðdaþ sanatçý.'),
('Yoko Ono', '1933-02-18', NULL, 'Japonya', 'Avant-garde sanat ve müzik alanýnda etkili sanatçý.'),
('Jean-Michel Basquiat', '1960-12-22', '1988-08-12', 'ABD', 'Neo-ekspresyonist sanatçý.'),
('Jasper Johns', '1930-05-15', NULL, 'ABD', 'Soyut dýþavurumcu ve pop art sanatçýsý.'),
('Bridget Riley', '1931-04-24', NULL, 'Ýngiltere', 'Op art akýmýnýn öncüsü.'),
('Robert Rauschenberg', '1925-10-22', '2008-05-12', 'ABD', 'Karma medya ve pop art sanatçýsý.'),
('Louise Bourgeois', '1911-12-25', '2010-05-31', 'Fransa', 'Modern heykel ve enstalasyon sanatçýsý.'),
('Keith Sonnier', '1941-07-31', NULL, 'ABD', 'Iþýk ve heykel sanatçýsý.'),
('Damien Hirst', '1965-06-07', NULL, 'Ýngiltere', 'Çaðdaþ sanatýn tartýþmalý isimlerinden.'),
('Takashi Murakami', '1962-02-01', NULL, 'Japonya', 'Çaðdaþ sanat ve pop kültür sanatçýsý.'),
('Banksy', '1974-01-01', NULL, 'Ýngiltere', 'Kimliði bilinmeyen sokak sanatçýsý, politik duvar resimleriyle tanýnýr.'),
('Anish Kapoor', '1954-03-12', NULL, 'Hindistan', 'Modern heykeltýraþ, büyük ölçekli eserler yapar.'),
('El Anatsui', '1944-02-04', NULL, 'Gana', 'Çaðdaþ heykel sanatçýsý, geri dönüþtürülmüþ malzemeler kullanýr.'),
('Rachel Whiteread', '1963-04-20', NULL, 'Ýngiltere', 'Heykel ve enstalasyon sanatçýsý.'),
('Kara Walker', '1969-11-26', NULL, 'ABD', 'Sosyal temalý silüet sanatlarýyla tanýnýr.'),
('David Hockney', '1937-07-09', NULL, 'Ýngiltere', 'Pop art ve çaðdaþ sanatçý.'),
('Claes Oldenburg', '1929-01-28', NULL, 'Ýsveç', 'Büyük ölçekli heykellerle bilinir.'),
('Jeff Koons', '1955-01-21', NULL, 'ABD', 'Çaðdaþ sanatýn tartýþmalý figürlerinden.'),
('Barbara Kruger', '1945-01-26', NULL, 'ABD', 'Grafik tasarým ve fotoðraf temelli sanatçý.'),
('Marcel Duchamp', '1887-07-28', '1968-10-02', 'Fransa', 'Dada akýmýnýn öncüsü ve modern sanatýn önemli ismi.'),
('Man Ray', '1890-08-27', '1976-11-18', 'ABD', 'Fotoðraf ve sürrealizm alanýnda öncü sanatçý.'),
('Tracey Emin', '1963-07-03', NULL, 'Ýngiltere', 'Konsept ve performans sanatçýsý.'),
('Zaha Hadid', '1950-10-31', '2016-03-31', 'Irak', 'Modern mimarlýk ve tasarýmýn öncüsü.'),
('Louise Nevelson', '1899-09-23', '1988-04-17', 'ABD', 'Soyut heykeltýraþ ve enstalasyon sanatçýsý.'),
('Franz Kline', '1910-05-23', '1962-03-13', 'ABD', 'Soyut dýþavurumculuk akýmý sanatçýsý.'),
('Edward Hopper', '1882-07-22', '1967-05-15', 'ABD', 'Amerikan realizminin önemli figürü.'),
('Alphonse Mucha', '1860-07-24', '1939-07-14', 'Çekya', 'Art Nouveau stilinin simgesi.'),
('Mary Cassatt', '1844-05-22', '1926-06-14', 'ABD', 'Empresyonist ressam, kadýn ve çocuk temalarýyla tanýnýr.');



INSERT INTO Eserler (Ad, Tur_ID, Sanatci_ID, YapimYili, BulunduguMuze, MevcutDurum, DijitalKoleksiyonURL) VALUES
('Mona Lisa', 1, 1, 1503, 'Louvre Müzesi', 'Sergileniyor', 'https://koleksiyon.muze.com/mona-lisa'),
('Yýldýzlý Gece', 2, 2, 1889, 'MoMA', 'Sergileniyor', 'https://koleksiyon.muze.com/starry-night'),
('Guernica', 1, 3, 1937, 'Reina Sofia Müzesi', 'Sergileniyor', 'https://koleksiyon.muze.com/guernica'),
('Ýki Frida', 2, 4, 1939, 'Modern Sanat Müzesi - Meksika', 'Sergileniyor', 'https://koleksiyon.muze.com/iki-frida'),
('Belleðin Azmi', 2, 5, 1931, 'MoMA', 'Sergileniyor', 'https://koleksiyon.muze.com/dali-bellek'),
('Nilüferler', 3, 6, 1906, 'Orangerie Müzesi', 'Sergileniyor', 'https://koleksiyon.muze.com/niluferler'),
('Davud Heykeli', 4, 7, 1504, 'Accademia Galerisi', 'Sergileniyor', 'https://koleksiyon.muze.com/davud'),
('No.5, 1948', 2, 8, 1948, 'Özel Koleksiyon', 'Saklý', 'https://koleksiyon.muze.com/no5'),
('Campbell Çorbasý', 1, 9, 1962, 'MoMA', 'Sergileniyor', 'https://koleksiyon.muze.com/campbell'),
('Tarladaki Adamlar', 3, 10, 1980, 'Ýstanbul Resim Müzesi', 'Sergileniyor', 'https://koleksiyon.muze.com/tarla'),
('Kýrmýzý Balon', 5, 11, 2007, 'Londra Þehir Galerisi', 'Sergileniyor', 'https://koleksiyon.muze.com/kirmizi-balon'),
('Yansýma', 2, 12, 2015, 'Pera Müzesi', 'Sergileniyor', 'https://koleksiyon.muze.com/yansima'),
('Anadolu Ruhu', 4, 13, 2010, 'Anadolu Medeniyetleri Müzesi', 'Sergileniyor', 'https://koleksiyon.muze.com/anadolu-ruhu'),
('Gölgeler', 2, 14, 2020, 'Salt Galata', 'Sergileniyor', 'https://koleksiyon.muze.com/golgeler'),
('Kara Kare', 1, 15, 1915, 'Rus Devlet Müzesi', 'Sergileniyor', 'https://koleksiyon.muze.com/karakare'),
('Sonsuzluk Odasý', 5, 16, 2013, 'Tokyo Modern Sanat Müzesi', 'Sergileniyor', 'https://koleksiyon.muze.com/sonsuzluk'),
('Dans', 3, 17, 1910, 'Hermitage Müzesi', 'Sergileniyor', 'https://koleksiyon.muze.com/dans'),
('Beyaz Çiçekler', 3, 18, 1932, 'New Mexico Sanat Müzesi', 'Sergileniyor', 'https://koleksiyon.muze.com/beyazcicek'),
('Gece ve Ýnsan', 2, 19, 1995, 'Tate Modern', 'Sergileniyor', 'https://koleksiyon.muze.com/geceinsan'),
('Yansýyan Suret', 2, 20, 2022, 'Ýstanbul Modern', 'Sergileniyor', 'https://koleksiyon.muze.com/yansiyansuret'),
('Altýnbalýk', 1, 1, 1907, 'Louvre', 'Sergileniyor', 'http://koleksiyon.muze/altinbalik'),
('Ýmkansýzýn Cazibesi', 2, 2, 1929, 'Tate Modern', 'Restorasyonda', 'http://koleksiyon.muze/imkansizin-cazibesi'),
('Küçük Dünya', 3, 3, 1935, 'MoMA', 'Sergileniyor', 'http://koleksiyon.muze/kucuk-dunya'),
('Duygularýn Yankýsý', 1, 4, 1893, 'Prado', 'Sergileniyor', 'http://koleksiyon.muze/duygularin-yankisi'),
('Rüyalar Bahçesi', 4, 5, 1942, 'Guggenheim', 'Sergileniyor', 'http://koleksiyon.muze/ruyalar-bahcesi'),
('Sisli Günler', 5, 6, 1875, 'Orsay', 'Sergileniyor', 'http://koleksiyon.muze/sisli-gunler'),
('Sonsuzluk Sarmalý', 3, 7, 1915, 'Vatican Museums', 'Sergileniyor', 'http://koleksiyon.muze/sonsuzluk-sarmali'),
('Renk Patlamasý', 2, 8, 1950, 'Metropolitan', 'Sergileniyor', 'http://koleksiyon.muze/renk-patlamasi'),
('Popun Yüzü', 1, 9, 1982, 'Whitney Museum', 'Sergileniyor', 'http://koleksiyon.muze/popun-yuzu'),
('Toplum ve Ýnsan', 4, 10, 1970, 'Ýstanbul Modern', 'Sergileniyor', 'http://koleksiyon.muze/toplum-ve-insan'),
('Gölgeler Oyunu', 2, 11, 2010, 'British Museum', 'Sergileniyor', 'http://koleksiyon.muze/golgeler-oyunu'),
('Yeni Ufuklar', 5, 12, 2000, 'Ankara Resim Müzesi', 'Sergileniyor', 'http://koleksiyon.muze/yeni-ufuklar'),
('Topraðýn Ruhu', 3, 13, 1995, 'Antalya Müzesi', 'Sergileniyor', 'http://koleksiyon.muze/topragin-ruhu'),
('Dijital Rüyalar', 1, 14, 2020, 'Digital Art Museum', 'Sergileniyor', 'http://koleksiyon.muze/dijital-ruyalar'),
('Kareler ve Daireler', 2, 15, 1919, 'Tretyakov Gallery', 'Sergileniyor', 'http://koleksiyon.muze/kareler-ve-daireler'),
('Nokta Noktasý', 3, 16, 1974, 'Polaris Sanat Galerisi', 'Sergileniyor', 'http://koleksiyon.muze/nokta-noktasi'),
('Renklerin Dansý', 5, 17, 1925, 'Musé Orsay', 'Sergileniyor', 'http://koleksiyon.muze/renklerin-dansi'),
('Amerikan Düþleri', 4, 18, 1950, 'New York Museum', 'Sergileniyor', 'http://koleksiyon.muze/amerikan-dusleri'),
('Portreler ve Yansýmalar', 1, 19, 1970, 'National Gallery', 'Sergileniyor', 'http://koleksiyon.muze/portreler-ve-yansimalar'),
('Siyah Beyaz Hayaller', 2, 20, 1980, 'British Museum', 'Sergileniyor', 'http://koleksiyon.muze/siyah-beyaz-hayaller'),
('Iþýðýn Ýçinde', 3, 21, 1960, 'Tate Modern', 'Sergileniyor', 'http://koleksiyon.muze/isigin-icinde'),
('Göçebe Rüzgarlar', 4, 22, 1990, 'Modern Art Museum', 'Sergileniyor', 'http://koleksiyon.muze/gocebe-ruzgarlari'),
('Parlak Düþünceler', 5, 23, 2005, 'Contemporary Art Gallery', 'Sergileniyor', 'http://koleksiyon.muze/parlak-dusuncler'),
('Beyaz Sessizlik', 1, 24, 2018, 'London Art Museum', 'Sergileniyor', 'http://koleksiyon.muze/beyaz-sessizlik'),
('Soyut Dünya', 2, 25, 2017, 'Tokyo Art Center', 'Sergileniyor', 'http://koleksiyon.muze/soyut-dunya'),
('Renkler ve Þekiller', 3, 26, 2014, 'Modern Art Museum', 'Sergileniyor', 'http://koleksiyon.muze/renkler-ve-sekiller'),
('Þehir ve Ýnsan', 4, 27, 1987, 'City Art Museum', 'Sergileniyor', 'http://koleksiyon.muze/sehir-ve-insan'),
('Hayal Gücü', 5, 28, 2011, 'Ghana Art Gallery', 'Sergileniyor', 'http://koleksiyon.muze/hayal-gucu'),
('Zamanýn Ötesinde', 1, 29, 1999, 'London Sculpture Museum', 'Sergileniyor', 'http://koleksiyon.muze/zamanin-otesinde'),
('Iþýk ve Gölge', 3, 30, 2009, 'National Gallery', 'Sergileniyor', 'http://koleksiyon.muze/isik-ve-golge'),
('Kadýn ve Doða', 4, 31, 2007, 'Modern Sculpture Gallery', 'Sergileniyor', 'http://koleksiyon.muze/kadin-ve-doga'),
('Siyah Beyaz', 2, 32, 1996, 'Art Museum', 'Sergileniyor', 'http://koleksiyon.muze/siyah-beyaz'),
('Sonsuzluk', 5, 33, 2019, 'Contemporary Art Museum', 'Sergileniyor', 'http://koleksiyon.muze/sonsuzluk'),
('Yansýma', 1, 34, 2013, 'Art Gallery', 'Sergileniyor', 'http://koleksiyon.muze/yansima'),
('Dönüþüm', 3, 35, 2015, 'Art Center', 'Sergileniyor', 'http://koleksiyon.muze/donusum'),
('Zýtlýklar', 4, 36, 2021, 'National Museum', 'Sergileniyor', 'http://koleksiyon.muze/zitliklar'),
('Özgürlük', 2, 37, 2010, 'Museum of Modern Art', 'Sergileniyor', 'http://koleksiyon.muze/ozgurluk'),
('Hayatýn Ritmi', 5, 38, 2003, 'City Museum', 'Sergileniyor', 'http://koleksiyon.muze/hayatin-ritmi'),
('Renk Cümbüþü', 1, 39, 1997, 'Art Museum', 'Sergileniyor', 'http://koleksiyon.muze/renk-cumbusü'),
('Sessiz Fýrtýna', 3, 40, 2008, 'Modern Art Museum', 'Sergileniyor', 'http://koleksiyon.muze/sessiz-firtina'),
('Son Akþam Yemeði', 1, 1, 1498, 'Santa Maria delle Grazie', 'Sergileniyor', 'https://koleksiyon.muze.com/son-aksam-yemegi'),
('Zeytinlikte Ay Iþýðý', 1, 2, 1889, 'Van Gogh Müzesi', 'Sergileniyor', 'https://koleksiyon.muze.com/zeytinlik-ay'),
('Weeping Woman', 1, 3, 1937, 'Tate Modern', 'Sergileniyor', 'https://koleksiyon.muze.com/weeping-woman'),
('Kýrýk Sütun', 1, 4, 1944, 'Museo Dolores Olmedo', 'Sergileniyor', 'https://koleksiyon.muze.com/kirik-sutun'),
('Gizemli Yüzler', 1, 5, 1932, 'Dalí Tiyatrosu ve Müzesi', 'Sergileniyor', 'https://koleksiyon.muze.com/gizemli-yuzler'),
('Impression, Sunrise', 1, 6, 1872, 'Marmottan Monet Müzesi', 'Sergileniyor', 'https://koleksiyon.muze.com/impression-sunrise'),
('Pietà', 2, 7, 1499, 'St. Peter Bazilikasý', 'Sergileniyor', 'https://koleksiyon.muze.com/pieta'),
('Lavanta Alaný', 1, 8, 1951, 'Guggenheim Müzesi', 'Sergileniyor', 'https://koleksiyon.muze.com/lavanta-alani'),
('Marilyn Diptych', 1, 9, 1962, 'Tate Modern', 'Sergileniyor', 'https://koleksiyon.muze.com/marilyn-diptych'),
('Tütün Ýþçileri', 1, 10, 1975, 'Ankara Devlet Resim Heykel Müzesi', 'Sergileniyor', 'https://koleksiyon.muze.com/tutun-iscileri'),
('Kýrýk Kalpler', 15, 11, 2015, 'Londra Sanat Galerisi', 'Sergileniyor', 'https://koleksiyon.muze.com/kirik-kalpler'),
('Gökyüzü Yansýmalarý', 15, 12, 2019, 'Contemporary Art Museum Ýstanbul', 'Sergileniyor', 'https://koleksiyon.muze.com/gokyuzu-yansima'),
('Köy Manzarasý', 1, 13, 2011, 'Anadolu Kültür Merkezi', 'Sergileniyor', 'https://koleksiyon.muze.com/koy-manzarasi'),
('Dijital Zihinler', 15, 14, 2021, 'Zorlu PSM Dijital Galeri', 'Sergileniyor', 'https://koleksiyon.muze.com/dijital-zihinler'),
('Beyaz Üçgen', 1, 15, 1913, 'Suprematist Sanat Müzesi', 'Sergileniyor', 'https://koleksiyon.muze.com/beyaz-ucgen'),
('Ayna Oda', 16, 16, 2015, 'Yayoi Kusama Sanat Enstitüsü', 'Sergileniyor', 'https://koleksiyon.muze.com/ayna-oda'),
('The Snail', 1, 17, 1953, 'Tate Modern', 'Sergileniyor', 'https://koleksiyon.muze.com/the-snail'),
('Red Hills', 1, 18, 1945, 'Georgia O’Keeffe Müzesi', 'Sergileniyor', 'https://koleksiyon.muze.com/red-hills'),
('Gece Portresi', 1, 19, 1990, 'Ulusal Portre Galerisi', 'Sergileniyor', 'https://koleksiyon.muze.com/gece-portresi'),
('Boþluk ve Sessizlik', 16, 20, 2021, 'Ýstanbul Performans Sanatý Platformu', 'Sergileniyor', 'https://koleksiyon.muze.com/bosluk-sessizlik');
INSERT INTO Eserler (Ad, Tur_ID, Sanatci_ID, YapimYili, BulunduguMuze, MevcutDurum, DijitalKoleksiyonURL) VALUES
('Napolyon Bonapart Madalyasý', 29, 5, 1804, 'Louvre Müzesi', 'Sergileniyor', 'https://example.com/napoleon_bonaparte_madalya.jpg'),
('II. Abdülhamid Han Niþaný', 29, 12, 1890, 'Topkapý Sarayý Müzesi', 'Sergileniyor', 'https://example.com/abdulhamid_nisani.jpg'),
('Osmanlý Mecidiye Niþaný', 29, 18, 1862, 'Türk ve Ýslam Eserleri Müzesi', 'Depoda', 'https://example.com/mecidiye_nisani.jpg'),
('Victoria Kraliyet Niþaný', 29, 25, 1902, 'British Museum', 'Sergileniyor', 'https://example.com/victoria_royal_order.jpg'),
('St. George Haçý Madalyasý', 29, 33, 1916, 'Hermitage Müzesi', 'Restorasyonda', 'https://example.com/st_george_cross.jpg');
INSERT INTO Eserler (Ad, Tur_ID, Sanatci_ID, YapimYili, BulunduguMuze, MevcutDurum, DijitalKoleksiyonURL) VALUES
('Ýstanbul’daki Antik Bizans Sarnýcý', 18, 8, 540, 'Ýstanbul Arkeoloji Müzeleri', 'Sergileniyor', 'https://example.com/bizans_sarnici.jpg'),
('Çatalhöyük Ana Tanrýça Heykelciði', 18, 14, -6000, 'Anadolu Medeniyetleri Müzesi', 'Sergileniyor', 'https://example.com/catalhoyuk_ana_tanrica.jpg'),
('Tutankamon’un Altýn Maskesi', 18, 21, -1323, 'Mýsýr Müzesi Kahire', 'Depoda', 'https://example.com/tutankamon_maskesi.jpg'),
('Roma Mozaik Yer Döþemesi', 18, 30, 200, 'Antakya Mozaik Müzesi', 'Restorasyonda', 'https://example.com/roma_mozaik.jpg'),
('Troia Antik Kenti Sütun Parçasý', 18, 17, -1200, 'Troia Müzesi', 'Sergileniyor', 'https://example.com/troia_sutun_parcasi.jpg'),
('Uruk Zigguratý Tuðlasý', 18, 11, -2100, 'Louvre Müzesi', 'Sergileniyor', 'https://example.com/uruk_ziggurat_tuglasi.jpg');



INSERT INTO Sergiler (Ad, Konum, BaslangicTarihi, BitisTarihi, Aciklama) VALUES
('Rönesans Sanatý', 'Ýstanbul Modern', '2024-01-10', '2024-03-10', 'Rönesans dönemine ait eserler sergilenmektedir.'),
('Modern Heykel Sergisi', 'Ankara Resim ve Heykel Müzesi', '2024-02-01', '2024-04-01', 'Çaðdaþ heykel sanatçýlarýnýn eserleri.'),
('Osmanlý Hat Sanatý', 'Topkapý Sarayý', '2024-03-15', '2024-05-15', 'Osmanlý dönemi hat sanatý örnekleri.'),
('Ýzlenimcilik Akýmý', 'Pera Müzesi', '2024-04-01', '2024-06-01', 'Fransýz izlenimciliði üzerine bir sergi.'),
('Fotoðrafýn Tarihi', 'Ýstanbul Fotoðraf Müzesi', '2024-05-10', '2024-07-10', 'Fotoðrafçýlýðýn geçmiþten günümüze yolculuðu.'),
('Anadolu Medeniyetleri', 'Anadolu Medeniyetleri Müzesi', '2024-06-20', '2024-08-20', 'Anadolu’da yaþamýþ medeniyetlerden kalýntýlar.'),
('Çaðdaþ Türk Ressamlarý', 'Sakýp Sabancý Müzesi', '2024-07-01', '2024-09-01', 'Günümüz Türk ressamlarýnýn seçkileri.'),
('Antik Roma Koleksiyonu', 'Efes Müzesi', '2024-08-05', '2024-10-05', 'Antik Roma dönemine ait arkeolojik eserler.'),
('Cam Sanatý Sergisi', 'Paþabahçe Sanat Merkezi', '2024-09-10', '2024-11-10', 'El yapýmý cam eserler sergisi.'),
('Mýsýr Hiyeroglifleri', 'Ýstanbul Arkeoloji Müzesi', '2024-10-15', '2024-12-15', 'Antik Mýsýr yazý sistemine dair örnekler.'),
('Minyatür Sanatý', 'Türk Ýslam Eserleri Müzesi', '2024-11-01', '2025-01-01', 'Türk minyatür sanatý örnekleri.'),
('Sanat ve Doða', 'Atatürk Orman Çiftliði Sergi Salonu', '2025-01-10', '2025-03-10', 'Doða temalý sanat eserleri.'),
('Gotik Mimari', 'Yýldýz Sarayý', '2025-02-01', '2025-04-01', 'Gotik mimari yapý ve çizimleri.'),
('Dijital Sanat Sergisi', 'Zorlu PSM', '2025-03-15', '2025-05-15', 'Dijital teknolojilerle üretilmiþ sanat eserleri.'),
('Kadýn Sanatçýlar Günü', 'Ýstanbul Kadýn Müzesi', '2025-04-10', '2025-06-10', 'Kadýn sanatçýlara özel temalý sergi.'),
('Yunan Mitolojisi ve Sanat', 'Akdeniz Üniversitesi Sanat Galerisi', '2025-05-01', '2025-07-01', 'Yunan mitolojisine dayalý sanat eserleri.'),
('Barok Dönemi Sanatý', 'Ýstanbul Resim ve Heykel Müzesi', '2025-06-05', '2025-08-05', 'Barok dönem eserlerinden oluþan seçki.'),
('Zamansýz Heykeller', 'Bursa Kent Müzesi', '2025-07-10', '2025-09-10', 'Farklý dönemlerden heykel eserleri.'),
('Soyut Sanatýn Doðuþu', 'Bozlu Art Project', '2025-08-15', '2025-10-15', 'Soyut sanatýn tarihi ve örnekleri.'),
('Küresel Kültürler Sergisi', 'Ýstanbul Kültür Üniversitesi Sergi Alaný', '2025-09-20', '2025-11-20', 'Dünya kültürlerinden sanat örnekleri.'),
('Bizans Sanatý', 'Aya Sofya Müzesi', '2025-10-01', '2025-12-01', 'Bizans dönemine ait dini ve tarihi sanat eserleri.'),
('Orta Asya Türk Kültürü', 'Türk Dünyasý Müzesi', '2025-11-10', '2026-01-10', 'Orta Asya Türk toplumlarýna ait etnografik eserler.'),
('Kadim Uygarlýklar Haritalarý', 'Harita ve Coðrafya Müzesi', '2025-12-05', '2026-02-05', 'Tarihsel haritalarýn sergilendiði tematik sergi.'),
('Renklerin Ýzinde', 'Ýstanbul Sanat Galerisi', '2026-01-15', '2026-03-15', 'Modern resimlerde renk kullanýmý üzerine eserler.'),
('Anadolu da Kadýn', 'Kadýn Eserleri Kütüphanesi ve Bilgi Merkezi Vakfý', '2026-02-20', '2026-04-20', 'Kadýn yaþamýna ait tarihsel belge ve sanat eserleri.'),
('Gotik ve Rönesans', 'Ýzmir Sanat Müzesi', '2026-03-10', '2026-05-10', 'Gotik ve Rönesans dönemine ait eserlerin karþýlaþtýrmalý sunumu.'),
('Karma Sergi: Doðu ve Batý', 'Ankara Kültür Sanat Merkezi', '2026-04-05', '2026-06-05', 'Doðu ve Batý sanatýnýn buluþtuðu sergi.'),
('Soyut Ýfadecilik', 'Salt Galata', '2026-05-15', '2026-07-15', 'Soyut dýþavurumculuk akýmýna ait eserler.'),
('Antik Takýlar ve Aksesuarlar', 'Ýzmir Arkeoloji Müzesi', '2026-06-20', '2026-08-20', 'Antik dönem taký ve ziynet eþyalarýnýn sergilendiði etkinlik.'),
('Ýnsan ve Mekan', 'CerModern', '2026-07-10', '2026-09-10', 'Mekan-insan iliþkisini irdeleyen sanat çalýþmalarý.'),
('Kýta Avrupa’sýnda Moda', 'Moda Tarihi Müzesi', '2026-08-05', '2026-10-05', 'Avrupa modasýnýn tarihsel süreci.'),
('Kaligrafinin Yolculuðu', 'Hat Sanatý Galerisi', '2026-09-01', '2026-11-01', 'Farklý dönemlerden hat sanatý örnekleri.'),
('Çaðdaþ Mimari Tasarýmlar', 'Mimarlýk ve Tasarým Müzesi', '2026-10-10', '2026-12-10', 'Modern mimari çizimler ve maketler.'),
('Çocuk Gözüyle Sanat', 'Ýstanbul Çocuk Sanat Merkezi', '2026-11-15', '2027-01-15', 'Çocuklarýn ürettiði resim, heykel ve dijital çalýþmalar.'),
('Ýslam Sanatýnda Geometri', 'Ýslam Bilim ve Teknoloji Tarihi Müzesi', '2026-12-20', '2027-02-20', 'Ýslam sanatýndaki geometrik desen ve motifler.'),
('Osmanlý Saray Yaþamý', 'Yýldýz Sarayý Müzesi', '2027-01-25', '2027-03-25', 'Osmanlý saray yaþantýsýný anlatan eserler.'),
('Afrika Maskeleri', 'Ýstanbul Dünya Kültürleri Müzesi', '2027-02-15', '2027-04-15', 'Afrika kabile kültürlerine ait maskeler ve objeler.'),
('Hayvan Figürleri ve Sanat', 'Ýstanbul Hayvanat Bahçesi Sanat Alaný', '2027-03-10', '2027-05-10', 'Hayvan figürlerinin sanattaki temsilleri.'),
('Retro Posterler', 'Grafik Sanatlar Müzesi', '2027-04-01', '2027-06-01', '20. yüzyýl reklam ve sanat posterleri.'),
('Yitik Kültürler', 'UNESCO Kültürel Miras Merkezi', '2027-05-05', '2027-07-05', 'Günümüzde varlýðýný yitirmiþ kültürlere dair sergi.');


INSERT INTO EserSergileri (EserID, SergiID, BaslangicTarihi, BitisTarihi)
VALUES
(1, 1, '2025-05-01', '2025-05-15'),
(2, 1, '2025-05-01', '2025-05-15'),
(3, 2, '2025-06-01', '2025-06-30'),
(4, 2, '2025-06-01', '2025-06-30'),
(5, 3, '2025-07-01', '2025-07-31'),
(6, 3, '2025-07-01', '2025-07-31'),
(7, 4, '2025-08-01', '2025-08-15'),
(8, 4, '2025-08-01', '2025-08-15'),
(9, 5, '2025-09-01', '2025-09-30'),
(10, 5, '2025-09-01', '2025-09-30'),
(11, 6, '2025-10-01', '2025-10-31'),
(12, 6, '2025-10-01', '2025-10-31'),
(13, 7, '2025-11-01', '2025-11-30'),
(14, 7, '2025-11-01', '2025-11-30'),
(15, 8, '2025-12-01', '2025-12-15'),
(16, 8, '2025-12-01', '2025-12-15'),
(17, 9, '2026-01-01', '2026-01-31'),
(18, 9, '2026-01-01', '2026-01-31'),
(19, 10, '2026-02-01', '2026-02-28'),
(20, 10, '2026-02-01', '2026-02-28'),
(21, 11, '2026-03-01', '2026-03-31'),
(22, 11, '2026-03-01', '2026-03-31'),
(23, 12, '2026-04-01', '2026-04-30'),
(24, 12, '2026-04-01', '2026-04-30'),
(25, 13, '2026-05-01', '2026-05-31'),
(26, 13, '2026-05-01', '2026-05-31'),
(27, 14, '2026-06-01', '2026-06-30'),
(28, 14, '2026-06-01', '2026-06-30'),
(29, 15, '2026-07-01', '2026-07-31'),
(30, 15, '2026-07-01', '2026-07-31'),
(31, 16, '2026-08-01', '2026-08-31'),
(32, 16, '2026-08-01', '2026-08-31'),
(33, 17, '2026-09-01', '2026-09-30'),
(34, 17, '2026-09-01', '2026-09-30'),
(35, 18, '2026-10-01', '2026-10-31'),
(36, 18, '2026-10-01', '2026-10-31'),
(37, 19, '2026-11-01', '2026-11-30'),
(38, 19, '2026-11-01', '2026-11-30'),
(39, 20, '2026-12-01', '2026-12-31'),
(40, 20, '2026-12-01', '2026-12-31'),
(1, 21, '2027-01-01', '2027-01-15'),
(5, 21, '2027-01-01', '2027-01-15'),
(6, 22, '2027-02-01', '2027-02-28'),
(12, 22, '2027-02-01', '2027-02-28'),
(17, 23, '2027-03-01', '2027-03-31');


INSERT INTO Personel (Ad, Soyad, DogumTarihi, Gorev, Maas, IseBaslamaTarihi) VALUES
('Ayþe', 'Yýlmaz', '1985-03-12', 'Küratör', 15000.00, '2010-06-01'),
('Mehmet', 'Demir', '1978-07-22', 'Restoratör', 14500.00, '2008-09-15'),
('Fatma', 'Kaya', '1990-11-30', 'Sanat Tarihçisi', 13500.00, '2015-04-20'),
('Ali', 'Çelik', '1982-04-05', 'Güvenlik Görevlisi', 8000.00, '2012-01-10'),
('Zeynep', 'Aydýn', '1993-09-25', 'Rehber', 9500.00, '2019-02-17'),
('Ahmet', 'Koç', '1987-06-18', 'Teknik Destek', 9000.00, '2014-03-08'),
('Elif', 'Þahin', '1991-12-09', 'Temizlik Personeli', 7000.00, '2016-07-12'),
('Emre', 'Doðan', '1989-05-28', 'Ýdari Ýþler', 11000.00, '2013-05-19'),
('Merve', 'Arslan', '1992-10-11', 'Pazarlama Uzmaný', 12000.00, '2017-10-01'),
('Hasan', 'Aslan', '1980-02-14', 'Elektrik Teknikeri', 8500.00, '2009-11-23'),
('Tuðba', 'Öztürk', '1995-08-04', 'Eser Katalog Uzmaný', 9800.00, '2020-06-14'),
('Burak', 'Yýldýz', '1986-03-01', 'Eser Taþýma Personeli', 7500.00, '2011-08-19'),
('Cem', 'Kurt', '1990-07-15', 'Bilgi Ýþlem', 11500.00, '2014-11-25'),
('Gül', 'Aksoy', '1994-01-30', 'Eðitim Koordinatörü', 12500.00, '2018-01-02'),
('Kerem', 'Çetin', '1983-12-19', 'Ses ve Iþýk Teknisyeni', 8700.00, '2010-05-30'),
('Deniz', 'Bozkurt', '1988-10-07', 'Sergi Kurulum Uzmaný', 10200.00, '2013-07-03'),
('Selin', 'Polat', '1996-05-20', 'Ziyaretçi Ýliþkileri', 9300.00, '2021-03-28'),
('Okan', 'Güneþ', '1981-09-12', 'Güvenlik Þefi', 9500.00, '2007-04-21'),
('Melisa', 'Kara', '1987-02-01', 'Rehber', 9200.00, '2015-08-10'),
('Yusuf', 'Özer', '1993-06-29', 'IT Sorumlusu', 11800.00, '2018-10-09'),
('Hilal', 'Yavuz', '1991-03-03', 'Kütüphane Görevlisi', 7800.00, '2016-12-13'),
('Baran', 'Çakýr', '1984-07-08', 'Bahçývan', 7200.00, '2010-09-05'),
('Ýrem', 'Eren', '1995-04-14', 'Sosyal Medya Uzmaný', 9700.00, '2020-01-17'),
('Tolga', 'Bulut', '1990-11-02', 'Güvenlik Görevlisi', 8100.00, '2015-05-25'),
('Derya', 'Sezer', '1982-06-10', 'Bilet Satýþ Sorumlusu', 7600.00, '2012-02-14'),
('Ferhat', 'Dinç', '1986-09-09', 'Elektrik Teknisyeni', 8500.00, '2011-06-29'),
('Pelin', 'Avcý', '1994-12-25', 'Küratör Yardýmcýsý', 10500.00, '2019-09-30'),
('Onur', 'Sarýkaya', '1988-01-13', 'Eser Kataloglama', 8900.00, '2013-03-06'),
('Neslihan', 'Ünal', '1992-08-19', 'Eser Bakým Sorumlusu', 9700.00, '2017-07-16'),
('Serhat', 'Toprak', '1985-03-07', 'Sergi Koordinatörü', 13000.00, '2010-10-11'),
('Gizem', 'Bayraktar', '1993-10-22', 'Arþiv Sorumlusu', 8700.00, '2018-05-20'),
('Umut', 'Durmaz', '1990-06-16', 'Restorasyon Teknikeri', 9500.00, '2014-01-03'),
('Sevgi', 'Tan', '1989-02-05', 'Sanat Danýþmaný', 12500.00, '2015-12-28'),
('Harun', 'Yiðit', '1983-08-15', 'Eser Giriþ Kontrol', 8500.00, '2009-03-18'),
('Sinem', 'Köse', '1996-09-11', 'Grafik Tasarýmcý', 10200.00, '2021-08-01'),
('Can', 'Er', '1984-04-27', 'Kamera Operatörü', 8700.00, '2011-07-13'),
('Aylin', 'Iþýk', '1991-07-23', 'Ziyaretçi Rehberi', 9300.00, '2016-04-07'),
('Mert', 'Karaoðlu', '1987-05-02', 'Sistem Yöneticisi', 12000.00, '2013-09-22'),
('Seda', 'Ay', '1995-01-17', 'Ýnsan Kaynaklarý', 11000.00, '2019-03-14'),
('Halil', 'Sarý', '1980-10-08', 'Depo Sorumlusu', 8200.00, '2006-11-11'),
('Büþra', 'Orhan', '1992-03-21', 'Halkla Ýliþkiler', 9900.00, '2018-04-03'),
('Rýza', 'Çimen', '1986-12-15', 'Yazýlým Geliþtirici', 13000.00, '2011-10-06'),
('Nazan', 'Ýlhan', '1993-11-05', 'Veri Analisti', 11800.00, '2017-06-30'),
('Erkan', 'Gür', '1985-06-22', 'Bakým Teknisyeni', 9100.00, '2010-01-28'),
('Hande', 'Çetin', '1994-02-03', 'Etkinlik Planlayýcý', 10600.00, '2019-10-19'),
('Süleyman', 'Turan', '1988-08-30', 'Ýç Mekan Tasarýmcýsý', 11200.00, '2013-02-23'),
('Nazlý', 'Kaplan', '1991-09-26', 'Asistan', 7800.00, '2016-06-09'),
('Kadir', 'Özdemir', '1982-05-14', 'Nakliye Sorumlusu', 8700.00, '2008-07-15'),
('Eda', 'Bilgin', '1990-10-12', 'Organizasyon Uzmaný', 10000.00, '2015-11-04');






INSERT INTO EserTransferleri (EserID, KaynakMuze, HedefMuze, Tarih, TransferDurumu) VALUES
(1, 'Topkapý Sarayý', 'Ýstanbul Modern', CONVERT(DATE, '15-01-2024', 105), 'Tamamlandý'),
(2, 'Ýstanbul Modern', 'Pera Müzesi', CONVERT(DATE, '20-01-2024', 105), 'Transfer Edildi'),
(3, 'Sabancý Üniversitesi Müzesi', 'Arter', CONVERT(DATE, '25-02-2024', 105), 'Tamamlandý'),
(4, 'Anadolu Medeniyetleri Müzesi', 'Mersin Müzesi', CONVERT(DATE, '05-03-2024', 105), 'Ýptal Edildi'),
(5, 'Çýraðan Sarayý', 'TCDD Demiryolu Müzesi', CONVERT(DATE, '10-04-2024', 105), 'Devam Ediyor'),
(6, 'Hagia Sophia', 'Beyoðlu Kültür Merkezi', CONVERT(DATE, '18-04-2024', 105), 'Tamamlandý'),
(7, 'Kocaeli Müzesi', 'Rahmi M. Koç Müzesi', CONVERT(DATE, '01-05-2024', 105), 'Transfer Edildi'),
(8, 'Ýstanbul Modern', 'Sakýp Sabancý Müzesi', CONVERT(DATE, '15-06-2024', 105), 'Tamamlandý'),
(9, 'TCDD Demiryolu Müzesi', 'Ýstanbul Arkeoloji Müzesi', CONVERT(DATE, '25-06-2024', 105), 'Devam Ediyor'),
(10, 'Pera Müzesi', 'Van Müzesi', CONVERT(DATE, '10-07-2024', 105), 'Transfer Edildi'),
(11, 'Müze Turu', 'Zeytinlik Kültür Müzesi', CONVERT(DATE, '12-07-2024', 105), 'Ýptal Edildi'),
(12, 'Rahmi M. Koç Müzesi', 'Ýstanbul Modern', CONVERT(DATE, '18-08-2024', 105), 'Devam Ediyor'),
(13, 'Mersin Müzesi', 'Anadolu Medeniyetleri Müzesi', CONVERT(DATE, '22-08-2024', 105), 'Tamamlandý'),
(14, 'Arter', 'Hagia Sophia', CONVERT(DATE, '25-09-2024', 105), 'Transfer Edildi'),
(15, 'Sakýp Sabancý Müzesi', 'Kocaeli Müzesi', CONVERT(DATE, '10-10-2024', 105), 'Devam Ediyor'),
(16, 'Beyoðlu Kültür Merkezi', 'Sabancý Üniversitesi Müzesi', CONVERT(DATE, '14-11-2024', 105), 'Ýptal Edildi'),
(17, 'Ýstanbul Arkeoloji Müzesi', 'Topkapý Sarayý', CONVERT(DATE, '19-11-2024', 105), 'Tamamlandý'),
(18, 'Van Müzesi', 'Çýraðan Sarayý', CONVERT(DATE, '05-12-2024', 105), 'Devam Ediyor'),
(19, 'Zeytinlik Kültür Müzesi', 'Müze Turu', CONVERT(DATE, '09-12-2024', 105), 'Transfer Edildi'),
(20, 'TCDD Demiryolu Müzesi', 'Pera Müzesi', CONVERT(DATE, '15-12-2024', 105), 'Ýptal Edildi'),
(21, 'Salt Galata', 'Ýstanbul Modern', CONVERT(DATE, '02-01-2024', 105), 'Tamamlandý'),
(22, 'Ýstanbul Modern', 'Pera Müzesi', CONVERT(DATE, '08-01-2024', 105), 'Devam Ediyor'),
(23, 'Ýzmir Arkeoloji Müzesi', 'Efes Müzesi', CONVERT(DATE, '15-01-2024', 105), 'Transfer Edildi'),
(24, 'CerModern', 'Sakýp Sabancý Müzesi', CONVERT(DATE, '20-01-2024', 105), 'Tamamlandý'),
(25, 'Hat Sanatý Galerisi', 'Topkapý Sarayý', CONVERT(DATE, '25-01-2024', 105), 'Devam Ediyor'),
(26, 'Mimarlýk ve Tasarým Müzesi', 'Bozlu Art Project', CONVERT(DATE, '30-01-2024', 105), 'Transfer Edildi'),
(27, 'UNESCO Kültürel Miras Merkezi', 'Türk Ýslam Eserleri Müzesi', CONVERT(DATE, '05-02-2024', 105), 'Ýptal Edildi'),
(28, 'Yýldýz Sarayý', 'Çýraðan Sarayý', CONVERT(DATE, '12-02-2024', 105), 'Devam Ediyor'),
(29, 'Moda Tarihi Müzesi', 'Ýstanbul Arkeoloji Müzesi', CONVERT(DATE, '20-02-2024', 105), 'Transfer Edildi'),
(30, 'Zorlu PSM', 'Ýstanbul Modern', CONVERT(DATE, '01-03-2024', 105), 'Tamamlandý'),
(31, 'Bozlu Art Project', 'Salt Galata', CONVERT(DATE, '08-03-2024', 105), 'Transfer Edildi'),
(32, 'Efes Müzesi', 'Ýzmir Arkeoloji Müzesi', CONVERT(DATE, '15-03-2024', 105), 'Tamamlandý'),
(33, 'Topkapý Sarayý', 'Hat Sanatý Galerisi', CONVERT(DATE, '20-03-2024', 105), 'Devam Ediyor'),
(34, 'Atatürk Orman Çiftliði Sergi Salonu', 'Ýstanbul Sanat Galerisi', CONVERT(DATE, '25-03-2024', 105), 'Transfer Edildi'),
(35, 'Rahmi M. Koç Müzesi', 'Mersin Müzesi', CONVERT(DATE, '01-04-2024', 105), 'Tamamlandý'),
(36, 'Ýstanbul Fotoðraf Müzesi', 'UNESCO Kültürel Miras Merkezi', CONVERT(DATE, '06-04-2024', 105), 'Ýptal Edildi'),
(37, 'Kadýn Eserleri Kütüphanesi', 'Ýstanbul Kadýn Müzesi', CONVERT(DATE, '11-04-2024', 105), 'Devam Ediyor'),
(38, 'Türk Dünyasý Müzesi', 'Anadolu Medeniyetleri Müzesi', CONVERT(DATE, '18-04-2024', 105), 'Transfer Edildi'),
(39, 'Ankara Resim ve Heykel Müzesi', 'CerModern', CONVERT(DATE, '22-04-2024', 105), 'Tamamlandý'),
(40, 'Ýstanbul Hayvanat Bahçesi Sanat Alaný', 'Bursa Kent Müzesi', CONVERT(DATE, '28-04-2024', 105), 'Transfer Edildi'),
(41, 'Salt Galata', 'UNESCO Kültürel Miras Merkezi', CONVERT(DATE, '05-05-2024', 105), 'Devam Ediyor');



INSERT INTO Ziyaretciler (Ad, Soyad, DogumTarihi, Email, UyelikDurumu) VALUES
('Ali', 'Kaya', CONVERT(DATE, '01-01-1985', 105), 'ali.kaya@example.com', 1),
('Ayþe', 'Öztürk', CONVERT(DATE, '15-02-1990', 105), 'ayse.ozturk@example.com', 0),
('Mehmet', 'Demir', CONVERT(DATE, '22-03-1982', 105), 'mehmet.demir@example.com', 1),
('Elif', 'Arslan', CONVERT(DATE, '10-05-1995', 105), 'elif.arslan@example.com', 1),
('Burak', 'Yýlmaz', CONVERT(DATE, '18-06-1993', 105), 'burak.yilmaz@example.com', 0),
('Zeynep', 'Çelik', CONVERT(DATE, '25-07-1988', 105), 'zeynep.celik@example.com', 1),
('Emre', 'Þahin', CONVERT(DATE, '30-08-1980', 105), 'emre.sahin@example.com', 0),
('Melisa', 'Koç', CONVERT(DATE, '14-09-1996', 105), 'melisa.koc@example.com', 1),
('Kerem', 'Iþýk', CONVERT(DATE, '02-10-1992', 105), 'kerem.isik@example.com', 1),
('Cansu', 'Kurt', CONVERT(DATE, '19-11-1994', 105), 'cansu.kurt@example.com', 0),
('Hakan', 'Yalçýn', CONVERT(DATE, '11-12-1987', 105), 'hakan.yalcin@example.com', 1),
('Derya', 'Bozkurt', CONVERT(DATE, '23-01-1989', 105), 'derya.bozkurt@example.com', 0),
('Onur', 'Öztürk', CONVERT(DATE, '08-02-1991', 105), 'onur.ozturk@example.com', 1),
('Buse', 'Acar', CONVERT(DATE, '17-03-1997', 105), 'buse.acar@example.com', 0),
('Tolga', 'Baþar', CONVERT(DATE, '12-04-1983', 105), 'tolga.basar@example.com', 1),
('Nazlý', 'Ersoy', CONVERT(DATE, '03-05-1990', 105), 'nazli.ersoy@example.com', 0),
('Mert', 'Polat', CONVERT(DATE, '26-06-1994', 105), 'mert.polat@example.com', 1),
('Sena', 'Kaya', CONVERT(DATE, '07-07-1995', 105), 'sena.kaya@example.com', 0),
('Can', 'Sezer', CONVERT(DATE, '15-08-1986', 105), 'can.sezer@example.com', 1),
('Aslý', 'Baþar', CONVERT(DATE, '22-09-1998', 105), 'asli.basar@example.com', 0),
('Aysel', 'Erkan', CONVERT(DATE, '21-05-1977', 105), 'aysel.erkan@example.com', 0),
('Sevgi', 'Güneþ', CONVERT(DATE, '01-04-1977', 105), 'sevgi.güneþ@example.com', 0),
('Fatma', 'Erkan', CONVERT(DATE, '02-06-1983', 105), 'fatma.erkan@example.com', 0),
('Ece', 'Kara', CONVERT(DATE, '14-10-1975', 105), 'ece.kara@example.com', 0),
('Ece', 'Çakýr', CONVERT(DATE, '05-11-1973', 105), 'ece.çakýr@example.com', 1),
('Ýlayda', 'Türkmen', CONVERT(DATE, '16-01-1995', 105), 'ilayda.türkmen@example.com', 0),
('Gizem', 'Yüce', CONVERT(DATE, '03-08-1976', 105), 'gizem.yüce@example.com', 1),
('Tolga', 'Çetin', CONVERT(DATE, '26-03-1982', 105), 'tolga.çetin@example.com', 0),
('Barýþ', 'Kaplan', CONVERT(DATE, '25-03-1972', 105), 'barýþ.kaplan@example.com', 1),
('Ahmet', 'Bayraktar', CONVERT(DATE, '10-11-1994', 105), 'ahmet.bayraktar@example.com', 1),
('Neþe', 'Kaplan', CONVERT(DATE, '14-09-1989', 105), 'neþe.kaplan@example.com', 1),
('Serkan', 'Koçak', CONVERT(DATE, '15-05-1992', 105), 'serkan.koçak@example.com', 0),
('Hasan', 'Güneþ', CONVERT(DATE, '11-01-1973', 105), 'hasan.güneþ@example.com', 1),
('Ahmet', 'Çetin', CONVERT(DATE, '28-10-1982', 105), 'ahmet.çetin@example.com', 0),
('Fatma', 'Türkmen', CONVERT(DATE, '22-07-1990', 105), 'fatma.türkmen@example.com', 0),
('Baran', 'Koçak', CONVERT(DATE, '18-02-1970', 105), 'baran.koçak@example.com', 0),
('Aylin', 'Türkmen', CONVERT(DATE, '01-09-1986', 105), 'aylin.türkmen@example.com', 1),
('Aylin', 'Yüce', CONVERT(DATE, '09-07-1994', 105), 'aylin.yüce@example.com', 0),
('Berk', 'Türkmen', CONVERT(DATE, '05-01-1990', 105), 'berk.türkmen@example.com', 1),
('Ýlayda', 'Koçak', CONVERT(DATE, '30-12-1992', 105), 'ilayda.koçak@example.com', 0),
('Umut', 'Ergin', CONVERT(DATE, '17-04-1976', 105), 'umut.ergin@example.com', 1),
('Barýþ', 'Bayraktar', CONVERT(DATE, '22-03-1988', 105), 'barýþ.bayraktar@example.com', 1),
('Taylan', 'Yüce', CONVERT(DATE, '06-10-1984', 105), 'taylan.yüce@example.com', 1),
('Aylin', 'Çetin', CONVERT(DATE, '27-07-1979', 105), 'aylin.çetin@example.com', 1),
('Ýlayda', 'Yýldýz', CONVERT(DATE, '21-03-1970', 105), 'ilayda.yýldýz@example.com', 1),
('Hasan', 'Avcý', CONVERT(DATE, '12-05-1971', 105), 'hasan.avcý@example.com', 0),
('Hasan', 'Koçak', CONVERT(DATE, '25-06-1987', 105), 'hasan.koçak@example.com', 1),
('Ece', 'Yüce', CONVERT(DATE, '13-02-1980', 105), 'ece.yüce@example.com', 0),
('Selim', 'Kurtuluþ', CONVERT(DATE, '09-08-1986', 105), 'selim.kurtuluþ@example.com', 1),
('Gül', 'Erkan', CONVERT(DATE, '18-06-1981', 105), 'gül.erkan@example.com', 0),
('Neþe', 'Yüce', CONVERT(DATE, '24-09-1995', 105), 'neþe.yüce@example.com', 0),
('Fatma', 'Avcý', CONVERT(DATE, '03-10-1974', 105), 'fatma.avcý@example.com', 1),
('Deniz', 'Çetin', CONVERT(DATE, '16-08-1991', 105), 'deniz.çetin@example.com', 1),
('Ýlayda', 'Kurtuluþ', CONVERT(DATE, '06-06-1983', 105), 'ilayda.kurtuluþ@example.com', 0),
('Barýþ', 'Koçak', CONVERT(DATE, '11-11-1975', 105), 'barýþ.koçak@example.com', 0),
('Hasan', 'Kaplan', CONVERT(DATE, '15-03-1989', 105), 'hasan.kaplan@example.com', 1),
('Ece', 'Türkmen', CONVERT(DATE, '19-01-1985', 105), 'ece.türkmen@example.com', 0),
('Berk', 'Çetin', CONVERT(DATE, '28-11-1993', 105), 'berk.çetin@example.com', 0),
('Deniz', 'Kurtuluþ', CONVERT(DATE, '30-08-1984', 105), 'deniz.kurtuluþ@example.com', 1);




INSERT INTO BiletTurleri (Ad, Fiyat, GecerlilikSuresi) VALUES
('Tam Bilet', 50.00, 30),
('Öðrenci Bileti', 30.00, 30),
('Çocuk Bileti', 15.00, 30),
('Yýllýk Üyelik', 300.00, 365),
('Grup Bileti', 200.00, 30),
('VIP Bilet', 100.00, 30),
('Aile Bileti', 120.00, 30),
('Küçük Grup Bileti', 100.00, 30),
('Hafta Sonu Bileti', 60.00, 7),
('Ýndirimli Bilet', 40.00, 30),
('Erken Rezervasyon Bileti', 45.00, 30),
('Sergi Bileti', 40.00, 30),
('Rehberli Turu Bileti', 80.00, 30),
('Özel Etkinlik Bileti', 150.00, 30),
('Ziyaretçi Bileti', 60.00, 30),
('Konser Bileti', 80.00, 30),
('Tarihi Turlar Bileti', 70.00, 30),
('Kültürel Etkinlik Bileti', 90.00, 30),
('Ýçeriði Zenginleþtirilmiþ Bilet', 120.00, 30);


INSERT INTO ZiyaretciGirisKayitlari (ZiyaretciID, GirisTarihi, CikisTarihi, BiletTuru) VALUES
(1,  CONVERT(DATETIME, '14-02-2023 09:20:00', 105), CONVERT(DATETIME, '14-02-2023 11:10:00', 105), 1),
(2,  CONVERT(DATETIME, '22-03-2022 14:30:00', 105), CONVERT(DATETIME, '22-03-2022 16:00:00', 105), 2),
(3,  CONVERT(DATETIME, '07-06-2024 10:45:00', 105), NULL, 3),
(4,  CONVERT(DATETIME, '29-01-2023 13:00:00', 105), CONVERT(DATETIME, '29-01-2023 15:00:00', 105), 4),
(5,  CONVERT(DATETIME, '03-12-2021 12:30:00', 105), NULL, 5),
(6,  CONVERT(DATETIME, '11-07-2024 08:15:00', 105), CONVERT(DATETIME, '11-07-2024 10:00:00', 105), 6),
(7,  CONVERT(DATETIME, '19-09-2022 17:20:00', 105), CONVERT(DATETIME, '19-09-2022 18:45:00', 105), 7),
(8,  CONVERT(DATETIME, '30-05-2023 11:00:00', 105), NULL, 8),
(9,  CONVERT(DATETIME, '05-11-2021 09:40:00', 105), CONVERT(DATETIME, '05-11-2021 11:30:00', 105), 9),
(10, CONVERT(DATETIME, '16-08-2024 13:10:00', 105), CONVERT(DATETIME, '16-08-2024 15:00:00', 105), 10),
(11, CONVERT(DATETIME, '27-04-2023 16:00:00', 105), NULL, 11),
(12, CONVERT(DATETIME, '08-10-2022 10:30:00', 105), CONVERT(DATETIME, '08-10-2022 12:30:00', 105), 12),
(13, CONVERT(DATETIME, '18-03-2021 12:00:00', 105), NULL, 13),
(14, CONVERT(DATETIME, '24-06-2022 15:30:00', 105), CONVERT(DATETIME, '24-06-2022 17:00:00', 105), 14),
(15, CONVERT(DATETIME, '01-01-2023 08:00:00', 105), NULL, 15),
(16, CONVERT(DATETIME, '06-02-2024 09:30:00', 105), CONVERT(DATETIME, '06-02-2024 11:15:00', 105), 16),
(17, CONVERT(DATETIME, '13-05-2021 14:45:00', 105), CONVERT(DATETIME, '13-05-2021 16:45:00', 105), 17),
(18, CONVERT(DATETIME, '21-07-2023 17:10:00', 105), NULL, 18),
(19, CONVERT(DATETIME, '09-09-2022 10:15:00', 105), CONVERT(DATETIME, '09-09-2022 12:00:00', 105), 19),
(20, CONVERT(DATETIME, '12-12-2021 18:00:00', 105), NULL, 20);



INSERT INTO Etkinlikler (Ad, Tur, BaslangicTarihi, BitisTarihi, Aciklama) VALUES
('Sanat Atölyesi', 'Eðitim', CONVERT(DATE, '01-02-2024', 105), CONVERT(DATE, '02-02-2024', 105), 'Sanatçýlarýn rehberliðinde sanat atölyesi.'),
('Müzik Konseri', 'Performans', CONVERT(DATE, '10-03-2024', 105), CONVERT(DATE, '10-03-2024', 105), 'Yerel bir grup tarafýndan müzik performansý.'),
('Tarihi Turlar', 'Gezi', CONVERT(DATE, '15-03-2024', 105), CONVERT(DATE, '15-03-2024', 105), 'Tarihi yerleri rehber eþliðinde keþfedin.'),
('Çocuk Tiyatrosu', 'Performans', CONVERT(DATE, '20-04-2024', 105), CONVERT(DATE, '20-04-2024', 105), 'Çocuklar için tiyatro gösterisi.'),
('Yazlýk Film Gecesi', 'Sinema', CONVERT(DATE, '05-05-2024', 105), CONVERT(DATE, '05-05-2024', 105), 'Açýk hava film gösterimi.'),
('Kitap Okuma Etkinliði', 'Kültür', CONVERT(DATE, '15-06-2024', 105), CONVERT(DATE, '15-06-2024', 105), 'Yazarla kitap okuma etkinliði.'),
('Fotoðraf Sergisi', 'Sergi', CONVERT(DATE, '01-07-2024', 105), CONVERT(DATE, '15-07-2024', 105), 'Yerel fotoðrafçýlardan fotoðraf sergisi.'),
('Tarihi Belgesel Gösterimi', 'Sinema', CONVERT(DATE, '05-08-2024', 105), CONVERT(DATE, '05-08-2024', 105), 'Tarihi bir belgeselin gösterimi.'),
('Gastronomi Turu', 'Gezi', CONVERT(DATE, '10-09-2024', 105), CONVERT(DATE, '10-09-2024', 105), 'Yerel mutfaðý keþfedin.'),
('Modern Sanat Sergisi', 'Sergi', CONVERT(DATE, '20-10-2024', 105), CONVERT(DATE, '30-10-2024', 105), 'Modern sanat eserleri sergisi.'),
('Klasik Müzik Konseri', 'Performans', CONVERT(DATE, '05-11-2024', 105), CONVERT(DATE, '05-11-2024', 105), 'Klasik müzik konseri.'),
('Yaz Resim Kursu', 'Eðitim', CONVERT(DATE, '15-12-2024', 105), CONVERT(DATE, '30-12-2024', 105), 'Sanatçýlar için yaz resim kursu.'),
('Meydan Konseri', 'Performans', CONVERT(DATE, '10-01-2025', 105), CONVERT(DATE, '10-01-2025', 105), 'Açýk havada büyük konser etkinliði.'),
('Sanat Fuarý', 'Fuar', CONVERT(DATE, '20-02-2025', 105), CONVERT(DATE, '25-02-2025', 105), 'Sanatçýlar ve galerilerden eserler.'),
('Þiir Akþamý', 'Kültür', CONVERT(DATE, '05-03-2025', 105), CONVERT(DATE, '05-03-2025', 105), 'Þairlerin katýlýmýyla þiir akþamý.'),
('Kýsa Film Festivali', 'Sinema', CONVERT(DATE, '15-04-2025', 105), CONVERT(DATE, '15-04-2025', 105), 'Baðýmsýz kýsa filmler festivali.'),
('Arkeolojik Turlar', 'Gezi', CONVERT(DATE, '25-05-2025', 105), CONVERT(DATE, '25-05-2025', 105), 'Antik kalýntýlarý keþfedin.'),
('Yoga Etkinliði', 'Saðlýk', CONVERT(DATE, '05-06-2025', 105), CONVERT(DATE, '05-06-2025', 105), 'Yoga dersleri ve rahatlama etkinliði.'),
('Tango Gösterisi', 'Performans', CONVERT(DATE, '15-07-2025', 105), CONVERT(DATE, '15-07-2025', 105), 'Tango dans gösterisi.'),
('Edebiyat Sohbeti', 'Kültür', CONVERT(DATE, '25-08-2025', 105), CONVERT(DATE, '25-08-2025', 105), 'Edebiyat severlerle kitap ve yazarlar hakkýnda sohbet.'),
('Sanatçýlarla Buluþma', 'Kültür', CONVERT(DATE, '10-09-2025', 105), CONVERT(DATE, '10-09-2025', 105), 'Sanatçýlarla interaktif buluþma etkinliði.'),
('Heykel Atölyesi', 'Gezi', CONVERT(DATE, '01-10-2025', 105), CONVERT(DATE, '04-10-2025', 105), 'Heykel Atölyesi etkinliði kapsamýnda gezi içerikli program düzenlenecektir.'),
('Ebru Sanatý Dersi', 'Gezi', CONVERT(DATE, '08-10-2025', 105), CONVERT(DATE, '12-10-2025', 105), 'Ebru Sanatý Dersi etkinliði kapsamýnda gezi içerikli program düzenlenecektir.'),
('Mimarlýk Semineri', 'Sergi', CONVERT(DATE, '15-10-2025', 105), CONVERT(DATE, '20-10-2025', 105), 'Mimarlýk Semineri etkinliði kapsamýnda sergi içerikli program düzenlenecektir.'),
('Çocuk Resim Atölyesi', 'Saðlýk', CONVERT(DATE, '22-10-2025', 105), CONVERT(DATE, '25-10-2025', 105), 'Çocuk Resim Atölyesi etkinliði kapsamýnda saðlýk içerikli program düzenlenecektir.'),
('Osmanlý Mutfak Günleri', 'Sanat', CONVERT(DATE, '29-10-2025', 105), CONVERT(DATE, '01-11-2025', 105), 'Osmanlý Mutfak Günleri etkinliði kapsamýnda sanat içerikli program düzenlenecektir.'),
('Dijital Sanat Paneli', 'Sanat', CONVERT(DATE, '05-11-2025', 105), CONVERT(DATE, '08-11-2025', 105), 'Dijital Sanat Paneli etkinliði kapsamýnda sanat içerikli program düzenlenecektir.'),
('Sanat Tarihi Söyleþisi', 'Gezi', CONVERT(DATE, '12-11-2025', 105), CONVERT(DATE, '13-11-2025', 105), 'Sanat Tarihi Söyleþisi etkinliði kapsamýnda gezi içerikli program düzenlenecektir.'),
('Seramik Boyama Günü', 'Rehberli Gezi', CONVERT(DATE, '19-11-2025', 105), CONVERT(DATE, '23-11-2025', 105), 'Seramik Boyama Günü etkinliði kapsamýnda rehberli gezi içerikli program düzenlenecektir.'),
('Kaligrafi Eðitimi', 'Sinema', CONVERT(DATE, '26-11-2025', 105), CONVERT(DATE, '28-11-2025', 105), 'Kaligrafi Eðitimi etkinliði kapsamýnda sinema içerikli program düzenlenecektir.'),
('Tarih ve Arkeoloji Konferansý', 'Gezi', CONVERT(DATE, '03-12-2025', 105), CONVERT(DATE, '05-12-2025', 105), 'Tarih ve Arkeoloji Konferansý etkinliði kapsamýnda gezi içerikli program düzenlenecektir.'),
('Doða Yürüyüþü ve Fotoðraf', 'Kültür', CONVERT(DATE, '17-12-2025', 105), CONVERT(DATE, '21-12-2025', 105), 'Doða Yürüyüþü ve Fotoðraf etkinliði kapsamýnda kültür içerikli program düzenlenecektir.'),
('Belgesel Gecesi', 'Performans', CONVERT(DATE, '24-12-2025', 105), CONVERT(DATE, '26-12-2025', 105), 'Belgesel Gecesi etkinliði kapsamýnda performans içerikli program düzenlenecektir.'),
('Kültürel Hikaye Anlatýmý', 'Gezi', CONVERT(DATE, '31-12-2025', 105), CONVERT(DATE, '04-01-2026', 105), 'Kültürel Hikaye Anlatýmý etkinliði kapsamýnda gezi içerikli program düzenlenecektir.'),
('Jazz Gecesi', 'Kültür', CONVERT(DATE, '07-01-2026', 105), CONVERT(DATE, '11-01-2026', 105), 'Jazz Gecesi etkinliði kapsamýnda kültür içerikli program düzenlenecektir.'),
('Origami Atölyesi', 'Sinema', CONVERT(DATE, '14-01-2026', 105), CONVERT(DATE, '15-01-2026', 105), 'Origami Atölyesi etkinliði kapsamýnda sinema içerikli program düzenlenecektir.'),
('Kadýn Sanatçýlar Paneli', 'Fuar', CONVERT(DATE, '21-01-2026', 105), CONVERT(DATE, '24-01-2026', 105), 'Kadýn Sanatçýlar Paneli etkinliði kapsamýnda fuar içerikli program düzenlenecektir.'),
('Rönesans Günü', 'Eðitim', CONVERT(DATE, '28-01-2026', 105), CONVERT(DATE, '01-02-2026', 105), 'Rönesans Günü etkinliði kapsamýnda eðitim içerikli program düzenlenecektir.'),
('Kitap Lansmaný', 'Sinema', CONVERT(DATE, '04-02-2026', 105), CONVERT(DATE, '06-02-2026', 105), 'Kitap Lansmaný etkinliði kapsamýnda sinema içerikli program düzenlenecektir.'),
('Sanat ve Zanaat Fuarý', 'Sinema', CONVERT(DATE, '11-02-2026', 105), CONVERT(DATE, '12-02-2026', 105), 'Sanat ve Zanaat Fuarý etkinliði kapsamýnda sinema içerikli program düzenlenecektir.'),
('Sinema ve Psikoloji', 'Performans', CONVERT(DATE, '18-02-2026', 105), CONVERT(DATE, '20-02-2026', 105), 'Sinema ve Psikoloji etkinliði kapsamýnda performans içerikli program düzenlenecektir.'),
('Sanatla Terapi', 'Kültür', CONVERT(DATE, '25-02-2026', 105), CONVERT(DATE, '26-02-2026', 105), 'Sanatla Terapi etkinliði kapsamýnda kültür içerikli program düzenlenecektir.'),
('Müzik ve Resim Buluþmasý', 'Fuar', CONVERT(DATE, '04-03-2026', 105), CONVERT(DATE, '06-03-2026', 105), 'Müzik ve Resim Buluþmasý etkinliði kapsamýnda fuar içerikli program düzenlenecektir.'),
('Grafik Tasarým Atölyesi', 'Sanat', CONVERT(DATE, '11-03-2026', 105), CONVERT(DATE, '14-03-2026', 105), 'Grafik Tasarým Atölyesi etkinliði kapsamýnda sanat içerikli program düzenlenecektir.'),
('Gölge Tiyatrosu', 'Performans', CONVERT(DATE, '18-03-2026', 105), CONVERT(DATE, '19-03-2026', 105), 'Gölge Tiyatrosu etkinliði kapsamýnda performans içerikli program düzenlenecektir.'),
('Çini Sanatý Eðitimi', 'Sanat', CONVERT(DATE, '25-03-2026', 105), CONVERT(DATE, '28-03-2026', 105), 'Çini Sanatý Eðitimi etkinliði kapsamýnda sanat içerikli program düzenlenecektir.'),
('Klasik Tiyatro Gösterisi', 'Performans', CONVERT(DATE, '01-04-2026', 105), CONVERT(DATE, '02-04-2026', 105), 'Klasik Tiyatro Gösterisi etkinliði kapsamýnda performans içerikli program düzenlenecektir.'),
('Ýllüstrasyon Sergisi', 'Performans', CONVERT(DATE, '15-04-2026', 105), CONVERT(DATE, '17-04-2026', 105), 'Ýllüstrasyon Sergisi etkinliði kapsamýnda performans içerikli program düzenlenecektir.'),
('Açýk Mikrofon Gecesi', 'Gezi', CONVERT(DATE, '22-04-2026', 105), CONVERT(DATE, '25-04-2026', 105), 'Açýk Mikrofon Gecesi etkinliði kapsamýnda gezi içerikli program düzenlenecektir.');


INSERT INTO EtkinlikTurleri (Ad, Aciklama) VALUES
('Konser', 'Müzik performanslarý'),
('Sergi', 'Sanat eserlerinin sergilendiði etkinlikler'),
('Atölye', 'Katýlýmcýlarýn aktif olarak katýldýðý eðitim etkinlikleri'),
('Konferans', 'Uzman konuþmacýlarýn sunum yaptýðý etkinlikler'),
('Seminer', 'Kýsa süreli eðitim veya sunum etkinlikleri'),
('Workshop', 'Katýlýmcýlarýn bir konu üzerinde çalýþtýðý grup etkinliði'),
('Tiyatro', 'Sahne sanatlarý gösterisi'),
('Film Gösterimi', 'Sinema filmi gösterimleri'),
('Müzayede', 'Sanat eserlerinin veya diðer deðerli ürünlerin satýþa sunulduðu etkinlik'),
('Sosyal Sorumluluk Projesi', 'Topluma yönelik yardým amaçlý yapýlan etkinlikler'),
('Buluþma', 'Bir araya gelerek yapýlan organizasyonlar'),
('Festival', 'Büyük ölçekli kültürel ve sanatsal etkinlikler'),
('Kampanya', 'Bir amaca yönelik yapýlan topluluk etkinlikleri'),
('Panel', 'Bir grup konuþmacýnýn tartýþma yaptýðý etkinlik'),
('Eðlence Etkinliði', 'Eðlencelik, keyifli etkinlikler'),
('Gala', 'Özel etkinlikler, genellikle bir amaç için yapýlan büyük kutlamalar'),
('Gezi', 'Katýlýmcýlarýn rehber eþliðinde yapýlan kültürel veya eðitsel ziyaret etkinlikleri.'),
('Fuar', 'Sanat, kültür veya belirli bir tema etrafýnda düzenlenen çok katýlýmcýlý sergi ve tanýtým etkinlikleri.');




INSERT INTO EtkinlikKayitlari (ZiyaretciID, EtkinlikID, KayitTarihi) VALUES
(1,  2, CONVERT(DATE, '15-01-2023', 105)),
(2,  3, CONVERT(DATE, '10-02-2023', 105)),
(3,  1, CONVERT(DATE, '05-11-2022', 105)),
(4,  4, CONVERT(DATE, '18-03-2024', 105)),
(5,  2, CONVERT(DATE, '09-07-2023', 105)),
(6,  5, CONVERT(DATE, '22-12-2022', 105)),
(7,  3, CONVERT(DATE, '03-04-2023', 105)),
(8,  1, CONVERT(DATE, '14-08-2021', 105)),
(9,  4, CONVERT(DATE, '27-05-2023', 105)),
(10, 2, CONVERT(DATE, '01-01-2024', 105)),
(11, 3, CONVERT(DATE, '06-06-2023', 105)),
(12, 1, CONVERT(DATE, '11-10-2022', 105)),
(13, 5, CONVERT(DATE, '02-02-2024', 105)),
(14, 2, CONVERT(DATE, '09-09-2023', 105)),
(15, 4, CONVERT(DATE, '25-04-2022', 105)),
(16, 1, CONVERT(DATE, '13-08-2023', 105)),
(17, 3, CONVERT(DATE, '07-04-2024', 105)),
(18, 5, CONVERT(DATE, '16-03-2023', 105)),
(19, 4, CONVERT(DATE, '20-06-2022', 105)),
(20, 2, CONVERT(DATE, '30-12-2023', 105));



INSERT INTO Bagiscilar (Ad, Soyad, Kurum, Email, Telefon) VALUES
('Ahmet', 'Yýldýz', 'Sanat ve Kültür Vakfý', 'ahmet.yildiz@skv.org', '+90 212 555 1234'),
('Ayþe', 'Demir', 'Anadolu Sanat Derneði', 'ayse.demir@asd.org.tr', '+90 312 444 5678'),
('Mehmet', 'Kaya', 'Modern Sanatlar Enstitüsü', 'mehmet.kaya@mse.org', '+90 216 333 6789'),
('Elif', 'Aydýn', 'Müze Dostlarý Derneði', 'elif.aydin@mdd.org.tr', '+90 232 456 7890'),
('Burak', 'Þahin', 'Tarih ve Kültür Kurumu', 'burak.sahin@tkk.org', '+90 224 999 1122'),
('Zeynep', 'Koç', 'Çaðdaþ Sanat Platformu', 'zeynep.koc@csp.org.tr', '+90 212 321 4567'),
('Hakan', 'Yýlmaz', 'Ýstanbul Kültür Vakfý', 'hakan.yilmaz@ikv.org.tr', '+90 212 765 4321'),
('Fatma', 'Çelik', 'Anadolu Mirasý Derneði', 'fatma.celik@amd.org.tr', '+90 312 987 6543'),
('Mert', 'Aslan', 'Sanat Tarihi Vakfý', 'mert.aslan@stv.org', '+90 532 111 2233'),
('Selin', 'Kurt', 'Kültürel Mirasý Koruma Derneði', 'selin.kurt@kmkd.org', '+90 555 666 7788'),
('Ali', 'Güneþ', 'Türkiye Sanat Vakfý', 'ali.gunes@tsv.org.tr', '+90 212 345 6789'),
('Deniz', 'Arslan', 'Görsel Sanatlar Derneði', 'deniz.arslan@gsd.org', '+90 312 123 4567'),
('Canan', 'Er', 'Müze Geliþim Vakfý', 'canan.er@mgv.org.tr', '+90 216 888 9999'),
('Emre', 'Toprak', 'Sanat ve Mimarlýk Derneði', 'emre.toprak@smd.org', '+90 212 121 2121'),
('Buse', 'Kaya', 'Kültür Elçileri Platformu', 'buse.kaya@kep.org.tr', '+90 312 777 8888'),
('Yusuf', 'Acar', 'Tarihi Eserleri Koruma Vakfý', 'yusuf.acar@tekv.org', '+90 552 333 4444'),
('Derya', 'Yalçýn', 'Evrensel Sanat Topluluðu', 'derya.yalcin@est.org.tr', '+90 530 444 5555'),
('Kerem', 'Aksoy', 'Sanat Koleksiyoncularý Derneði', 'kerem.aksoy@skd.org', '+90 533 222 1111'),
('Aslý', 'Bozkurt', 'Kültür ve Sanat Ýnisiyatifi', 'asli.bozkurt@ksi.org.tr', '+90 312 654 9870'),
('Tolga', 'Öztürk', 'Arkeoloji Dostlarý Derneði', 'tolga.ozturk@add.org', '+90 212 789 1234'),
('Erhan', 'Kýlýç', 'Kültür Dostlarý Topluluðu', 'erhan.kýlýç@vakfi.org.tr', '+90 255 330 3861'),
('Levent', 'Çoban', 'Genç Sanatçýlar Derneði', 'levent.çoban@sanat.org.tr', '+90 288 416 6168'),
('Nil', 'Özdemir', 'Kültür Dostlarý Topluluðu', 'nil.özdemir@kultur.org.tr', '+90 478 221 4369'),
('Efe', 'Korkmaz', 'Anadolu Kültür Kolektifi', 'efe.korkmaz@dernek.org.tr', '+90 289 547 1004'),
('Ozan', 'Özkan', 'Geleneksel Sanatlar Derneði', 'ozan.özkan@kultur.org.tr', '+90 209 776 8035'),
('Melis', 'Arý', 'Kültür Dostlarý Topluluðu', 'melis.arý@sanat.org.tr', '+90 292 131 1000'),
('Levent', 'Korkmaz', 'Anadolu Kültür Kolektifi', 'levent.korkmaz@kultur.org.tr', '+90 472 657 2091'),
('Nil', 'Kýlýç', 'Genç Sanatçýlar Derneði', 'nil.kýlýç@vakfi.org.tr', '+90 436 472 6416'),
('Fikret', 'Akýn', 'Geleneksel Sanatlar Derneði', 'fikret.akýn@vakfi.org.tr', '+90 599 601 8176'),
('Nil', 'Balcý', 'Anadolu Kültür Kolektifi', 'nil.balcý@dernek.org.tr', '+90 495 459 3670'),
('Fikret', 'Ersoy', 'Ýstanbul Sanat Birliði', 'fikret.ersoy@kultur.org.tr', '+90 305 892 3912'),
('Cem', 'Korkmaz', 'Modern Kültür Vakfý', 'cem.korkmaz@dernek.org.tr', '+90 484 739 2317'),
('Aylin', 'Türkmen', 'Genç Sanatçýlar Derneði', 'aylin.türkmen@vakfi.org.tr', '+90 275 573 1005'),
('Tuna', 'Yýlmazer', 'Sanatçýlar Ýnisiyatifi', 'tuna.yýlmazer@sanat.org.tr', '+90 435 200 6397'),
('Erhan', 'Aydýn', 'Kültür Dostlarý Topluluðu', 'erhan.aydýn@kultur.org.tr', '+90 423 296 8694'),
('Efe', 'Korkmaz', 'Kültür Mirasý Ýzleme Derneði', 'efe.korkmaz@kultur.org.tr', '+90 343 498 1554'),
('Nil', 'Çoban', 'Tarihî Deðerleri Koruma Platformu', 'nil.çoban@sanat.org.tr', '+90 350 851 7960'),
('Tamer', 'Korkmaz', 'Kültür Dostlarý Topluluðu', 'tamer.korkmaz@vakfi.org.tr', '+90 365 769 4868'),
('Tamer', 'Kýlýç', 'Anadolu Kültür Kolektifi', 'tamer.kýlýç@vakfi.org.tr', '+90 239 189 8789'),
('Aylin', 'Aydýn', 'Sanat Emekçileri Dayanýþmasý', 'aylin.aydýn@vakfi.org.tr', '+90 410 998 4533'),
('Cem', 'Güler', 'Kültür Mirasý Ýzleme Derneði', 'cem.güler@sanat.org.tr', '+90 533 170 4827'),
('Cenk', 'Özdemir', 'Kültür Dostlarý Topluluðu', 'cenk.özdemir@kultur.org.tr', '+90 565 992 5505'),
('Sibel', 'Çoban', 'Modern Kültür Vakfý', 'sibel.çoban@sanat.org.tr', '+90 398 881 2936'),
('Nil', 'Güler', 'Sanatçýlar Ýnisiyatifi', 'nil.güler@sanat.org.tr', '+90 352 161 2338'),
('Melis', 'Þimþek', 'Sanat Emekçileri Dayanýþmasý', 'melis.þimþek@dernek.org.tr', '+90 342 954 3942'),
('Nil', 'Kýlýç', 'Sanat Emekçileri Dayanýþmasý', 'nil.kýlýç@vakfi.org.tr', '+90 271 353 9693'),
('Fikret', 'Türkmen', 'Sanatçýlar Ýnisiyatifi', 'fikret.türkmen@dernek.org.tr', '+90 354 123 2003'),
('Tamer', 'Çoban', 'Anadolu Kültür Kolektifi', 'tamer.çoban@sanat.org.tr', '+90 536 590 9342'),
('Efe', 'Þimþek', 'Genç Sanatçýlar Derneði', 'efe.þimþek@sanat.org.tr', '+90 560 142 3244'),
('Nil', 'Aydýn', 'Sanatçýlar Ýnisiyatifi', 'nil.aydýn@vakfi.org.tr', '+90 388 195 2797'),
('Erhan', 'Saðlam', 'Geleneksel Sanatlar Derneði', 'erhan.saðlam@vakfi.org.tr', '+90 315 201 4076'),
('Gamze', 'Arý', 'Kültür Dostlarý Topluluðu', 'gamze.arý@dernek.org.tr', '+90 412 789 1243'),
('Tuna', 'Çoban', 'Modern Kültür Vakfý', 'tuna.çoban@vakfi.org.tr', '+90 345 333 8970'),
('Baran', 'Ulusoy', 'Sanatçýlar Ýnisiyatifi', 'baran.ulusoy@sanat.org.tr', '+90 458 700 1234'),
('Seda', 'Karaca', 'Ýstanbul Sanat Birliði', 'seda.karaca@kultur.org.tr', '+90 299 852 7410'),
('Cenk', 'Yavuz', 'Sanat Emekçileri Dayanýþmasý', 'cenk.yavuz@dernek.org.tr', '+90 525 363 8899'),
('Didem', 'Taþ', 'Tarihî Deðerleri Koruma Platformu', 'didem.taþ@vakfi.org.tr', '+90 444 888 2233'),
('Gamze', 'Yýlmazer', 'Kültür Mirasý Ýzleme Derneði', 'gamze.yýlmazer@kultur.org.tr', '+90 466 374 9921'),
('Berrin', 'Saðlam', 'Anadolu Kültür Kolektifi', 'berrin.saðlam@sanat.org.tr', '+90 333 555 7770'),
('Hande', 'Bozkaya', 'Geleneksel Sanatlar Derneði', 'hande.bozkaya@dernek.org.tr', '+90 478 293 4851');




INSERT INTO Bagislar (BagisciID, Miktar, BagisTarihi, KullanimAlani) VALUES
(1, 10000.00, CONVERT(DATE, '2023-01-15', 23), 'Yeni sergi salonu yapýmý'),
(2, 5000.00, CONVERT(DATE, '2023-03-10', 23), 'Eser restorasyon çalýþmalarý'),
(3, 7500.50, CONVERT(DATE, '2022-11-20', 23), 'Dijital koleksiyon altyapýsý'),
(4, 3200.00, CONVERT(DATE, '2023-05-05', 23), 'Eser güvenlik sistemleri'),
(5, 9800.00, CONVERT(DATE, '2022-09-12', 23), 'Müze aydýnlatma sistemi'),
(6, 4500.75, CONVERT(DATE, '2024-02-25', 23), 'Multimedya rehber cihazlarý'),
(7, 6000.00, CONVERT(DATE, '2024-03-14', 23), 'Çocuklar için eðitim alaný'),
(8, 8500.00, CONVERT(DATE, '2023-12-01', 23), 'Engelli eriþim rampalarý'),
(9, 2000.00, CONVERT(DATE, '2023-06-18', 23), 'Müze içi yönlendirme tabelalarý'),
(10, 10500.00, CONVERT(DATE, '2022-08-22', 23), 'Tarihi belge dijitalleþtirme'),
(11, 4000.00, CONVERT(DATE, '2023-07-03', 23), 'Müze personel eðitimi'),
(12, 9100.90, CONVERT(DATE, '2024-01-10', 23), 'Sanat eserleri taþýnma maliyeti'),
(13, 3600.00, CONVERT(DATE, '2022-10-28', 23), 'Arþiv odasý yenilemesi'),
(14, 15000.00, CONVERT(DATE, '2024-04-02', 23), 'Geçici sergi organizasyonu'),
(15, 4900.00, CONVERT(DATE, '2023-02-19', 23), 'Müze kafeterya geliþtirme'),
(16, 5200.00, CONVERT(DATE, '2023-11-11', 23), 'Bilet sistemi modernizasyonu'),
(17, 2700.00, CONVERT(DATE, '2022-07-07', 23), 'Giriþ alaný dekorasyonu'),
(18, 8800.00, CONVERT(DATE, '2024-03-27', 23), 'Müze web sitesi yenileme'),
(19, 3400.00, CONVERT(DATE, '2023-09-15', 23), 'Sesli rehber uygulamasý'),
(20, 7900.00, CONVERT(DATE, '2023-12-25', 23), 'Müze tanýtým kampanyasý'),
(21, 6712.56, CONVERT(DATE, '2023-02-22', 23), 'Multimedya rehber cihazlarý'),
(22, 6013.63, CONVERT(DATE, '2022-03-19', 23), 'Çocuklar için eðitim alaný'),
(23, 2077.92, CONVERT(DATE, '2023-11-20', 23), 'Dijital koleksiyon altyapýsý'),
(24, 7928.45, CONVERT(DATE, '2024-11-22', 23), 'Kafeterya geliþtirme'),
(25, 4638.67, CONVERT(DATE, '2024-06-03', 23), 'Kafeterya geliþtirme'),
(26, 11026.24, CONVERT(DATE, '2023-07-19', 23), 'Web sitesi yenileme'),
(27, 7538.36, CONVERT(DATE, '2022-02-26', 23), 'Kafeterya geliþtirme'),
(28, 12953.38, CONVERT(DATE, '2022-12-21', 23), 'Multimedya rehber cihazlarý'),
(29, 2755.47, CONVERT(DATE, '2023-05-26', 23), 'Multimedya rehber cihazlarý'),
(30, 11253.04, CONVERT(DATE, '2022-07-18', 23), 'Bilet sistemi modernizasyonu'),
(31, 9237.90, CONVERT(DATE, '2022-12-12', 23), 'Eser restorasyon çalýþmalarý'),
(32, 5837.03, CONVERT(DATE, '2022-03-17', 23), 'Sesli rehber uygulamasý'),
(33, 9429.76, CONVERT(DATE, '2024-02-26', 23), 'Sanat eserleri taþýnmasý'),
(34, 3650.15, CONVERT(DATE, '2022-11-13', 23), 'Engelli eriþim rampalarý'),
(35, 13558.26, CONVERT(DATE, '2023-05-03', 23), 'Sanat eserleri taþýnmasý'),
(36, 7957.97, CONVERT(DATE, '2023-09-06', 23), 'Giriþ alaný dekorasyonu'),
(37, 2304.90, CONVERT(DATE, '2024-11-10', 23), 'Arþiv yenileme'),
(38, 7263.98, CONVERT(DATE, '2024-04-09', 23), 'Eser güvenlik sistemleri'),
(39, 12983.47, CONVERT(DATE, '2023-12-10', 23), 'Yönlendirme tabelalarý'),
(40, 9210.71, CONVERT(DATE, '2022-05-21', 23), 'Eser güvenlik sistemleri'),
(41, 13021.85, CONVERT(DATE, '2024-06-02', 23), 'Tanýtým kampanyasý'),
(42, 14918.31, CONVERT(DATE, '2022-03-19', 23), 'Dijital koleksiyon altyapýsý'),
(43, 4461.97, CONVERT(DATE, '2024-12-22', 23), 'Geçici sergi organizasyonu'),
(44, 14036.39, CONVERT(DATE, '2023-02-22', 23), 'Tarihi belge dijitalleþtirme'),
(45, 6861.42, CONVERT(DATE, '2022-01-21', 23), 'Dijital koleksiyon altyapýsý'),
(46, 8302.88, CONVERT(DATE, '2024-03-15', 23), 'Yeni sergi salonu yapýmý'),
(47, 11197.44, CONVERT(DATE, '2023-04-25', 23), 'Engelli eriþim rampalarý'),
(48, 8766.21, CONVERT(DATE, '2023-06-25', 23), 'Çocuklar için eðitim alaný'),
(49, 10231.25, CONVERT(DATE, '2023-06-01', 23), 'Müze aydýnlatma sistemi'),
(50, 5170.86, CONVERT(DATE, '2024-06-25', 23), 'Multimedya rehber cihazlarý'),
(51, 13120.69, CONVERT(DATE, '2022-02-01', 23), 'Eser güvenlik sistemleri'),
(52, 7973.06, CONVERT(DATE, '2022-11-11', 23), 'Personel eðitimi'),
(53, 14003.26, CONVERT(DATE, '2023-02-24', 23), 'Dijital koleksiyon altyapýsý'),
(54, 11576.06, CONVERT(DATE, '2022-09-17', 23), 'Bilet sistemi modernizasyonu'),
(55, 9396.03, CONVERT(DATE, '2023-10-26', 23), 'Web sitesi yenileme'),
(56, 2293.83, CONVERT(DATE, '2022-12-18', 23), 'Personel eðitimi'),
(57, 12313.60, CONVERT(DATE, '2023-11-03', 23), 'Yeni sergi salonu yapýmý'),
(58, 11394.08, CONVERT(DATE, '2023-06-22', 23), 'Kafeterya geliþtirme'),
(59, 3472.59, CONVERT(DATE, '2024-05-24', 23), 'Sesli rehber uygulamasý'),
(60, 13169.62, CONVERT(DATE, '2022-10-28', 23), 'Çocuklar için eðitim alaný'),
(61, 12894.45, CONVERT(DATE, '2024-07-05', 23), 'Müze aydýnlatma sistemi'),
(62, 3371.59, CONVERT(DATE, '2022-11-23', 23), 'Çocuklar için eðitim alaný'),
(63, 14883.45, CONVERT(DATE, '2023-04-17', 23), 'Tarihi belge dijitalleþtirme'),
(64, 7917.06, CONVERT(DATE, '2024-04-20', 23), 'Yönlendirme tabelalarý'),
(65, 7338.76, CONVERT(DATE, '2023-07-06', 23), 'Müze aydýnlatma sistemi'),
(66, 9166.12, CONVERT(DATE, '2023-05-14', 23), 'Engelli eriþim rampalarý'),
(67, 10572.76, CONVERT(DATE, '2024-07-06', 23), 'Yeni sergi salonu yapýmý'),
(68, 3261.47, CONVERT(DATE, '2023-01-05', 23), 'Eser güvenlik sistemleri'),
(69, 2738.11, CONVERT(DATE, '2022-01-16', 23), 'Eser restorasyon çalýþmalarý'),
(70, 14761.75, CONVERT(DATE, '2024-04-09', 23), 'Tarihi belge dijitalleþtirme');




INSERT INTO MuzeGelirleri (KaynakTuru, Tutar, Tarih) VALUES
('Bilet Satýþý', 1500.00, CONVERT(DATE, '01-01-2024', 105)),
('Baðýþ', 2000.00, CONVERT(DATE, '02-01-2024', 105)),
('Etkinlik Geliri', 800.00, CONVERT(DATE, '03-01-2024', 105)),
('Baðýþ', 7508.09, CONVERT(DATE, '2024-02-02', 23)),
('Baðýþ', 12979.90, CONVERT(DATE, '2024-02-03', 23)),
('Bilet Satýþý', 1800.00, CONVERT(DATE, '04-01-2024', 105)),
('Baðýþ', 2500.00, CONVERT(DATE, '05-01-2024', 105)),
('Cafe Satýþý', 3691.85, CONVERT(DATE, '2024-03-15', 23)),
('Eser Kiralama', 3402.75, CONVERT(DATE, '2024-03-16', 23)),
('Sponsorluk', 4960.48, CONVERT(DATE, '2024-03-17', 23)),
('Bilet Satýþý', 1300.00, CONVERT(DATE, '06-01-2024', 105)),
('Etkinlik Geliri', 950.00, CONVERT(DATE, '07-01-2024', 105)),
('Baðýþ', 3000.00, CONVERT(DATE, '08-01-2024', 105)),
('Bilet Satýþý', 1200.00, CONVERT(DATE, '09-01-2024', 105)),
('Etkinlik Geliri', 500.00, CONVERT(DATE, '10-01-2024', 105)),
('Baðýþ', 2200.00, CONVERT(DATE, '11-01-2024', 105)),
('Bilet Satýþý', 1803.45, CONVERT(DATE, '2024-02-13', 23)),
('Bilet Satýþý', 781.14, CONVERT(DATE, '2024-02-14', 23)),
('Baðýþ', 8615.43, CONVERT(DATE, '2024-01-23', 23)),
('Sponsorluk', 4229.24, CONVERT(DATE, '2024-03-06', 23)),
('Baðýþ', 9881.64, CONVERT(DATE, '2024-01-24', 23)),
('Baðýþ', 4963.03, CONVERT(DATE, '2024-01-25', 23)),
('Bilet Satýþý', 1700.00, CONVERT(DATE, '12-01-2024', 105)),
('Etkinlik Geliri', 1000.00, CONVERT(DATE, '13-01-2024', 105)),
('Bilet Satýþý', 1400.00, CONVERT(DATE, '14-01-2024', 105)),
('Baðýþ', 1800.00, CONVERT(DATE, '15-01-2024', 105)),
('Etkinlik Geliri', 750.00, CONVERT(DATE, '16-01-2024', 105)),
('Bilet Satýþý', 1600.00, CONVERT(DATE, '17-01-2024', 105)),
('Baðýþ', 2700.00, CONVERT(DATE, '18-01-2024', 105)),
('Bilet Satýþý', 1100.00, CONVERT(DATE, '19-01-2024', 105)),
('Etkinlik Geliri', 850.00, CONVERT(DATE, '20-01-2024', 105)),
('Baðýþ', 8329.04, CONVERT(DATE, '2024-01-21', 23)),
('Baðýþ', 4403.52, CONVERT(DATE, '2024-01-22', 23)),
('Baðýþ', 13770.42, CONVERT(DATE, '2024-01-26', 23)),
('Baðýþ', 7001.96, CONVERT(DATE, '2024-01-27', 23)),
('Baðýþ', 14133.26, CONVERT(DATE, '2024-01-28', 23)),
('Baðýþ', 10645.67, CONVERT(DATE, '2024-01-29', 23)),
('Baðýþ', 3295.98, CONVERT(DATE, '2024-01-30', 23)),
('Sponsorluk', 4052.19, CONVERT(DATE, '2024-03-04', 23)),
('Sponsorluk', 3300.36, CONVERT(DATE, '2024-03-05', 23)),
('Cafe Satýþý', 1779.22, CONVERT(DATE, '2024-03-07', 23)),
('Baðýþ', 13346.34, CONVERT(DATE, '2024-01-31', 23)),
('Etkinlik Geliri', 1432.09, CONVERT(DATE, '2024-02-18', 23)),
('Etkinlik Geliri', 1373.92, CONVERT(DATE, '2024-02-19', 23)),
('Bilet Satýþý', 974.80, CONVERT(DATE, '2024-02-20', 23)),
('Etkinlik Geliri', 1531.91, CONVERT(DATE, '2024-02-21', 23)),
('Etkinlik Geliri', 1815.71, CONVERT(DATE, '2024-02-22', 23)),
('Baðýþ', 6647.70, CONVERT(DATE, '2024-02-01', 23)),
('Baðýþ', 10801.37, CONVERT(DATE, '2024-02-04', 23)),
('Baðýþ', 13220.23, CONVERT(DATE, '2024-02-05', 23)),
('Özel Tur', 2481.74, CONVERT(DATE, '2024-03-18', 23)),
('Sponsorluk', 4628.41, CONVERT(DATE, '2024-03-19', 23)),
('Baðýþ', 14151.24, CONVERT(DATE, '2024-02-06', 23)),
('Baðýþ', 12641.71, CONVERT(DATE, '2024-02-07', 23)),
('Baðýþ', 9101.13, CONVERT(DATE, '2024-02-08', 23)),
('Etkinlik Geliri', 1415.17, CONVERT(DATE, '2024-02-29', 23)),
('Sponsorluk', 1590.16, CONVERT(DATE, '2024-03-01', 23)),
('Özel Tur', 4306.16, CONVERT(DATE, '2024-03-02', 23)),
('Baðýþ', 7415.54, CONVERT(DATE, '2024-02-09', 23)),
('Etkinlik Geliri', 695.83, CONVERT(DATE, '2024-02-10', 23)),
('Bilet Satýþý', 1739.82, CONVERT(DATE, '2024-02-11', 23)),
('Bilet Satýþý', 1823.11, CONVERT(DATE, '2024-02-12', 23)),
('Etkinlik Geliri', 937.29, CONVERT(DATE, '2024-02-15', 23)),
('Etkinlik Geliri', 1161.48, CONVERT(DATE, '2024-02-16', 23)),
('Bilet Satýþý', 1535.15, CONVERT(DATE, '2024-02-17', 23)),
('Bilet Satýþý', 701.97, CONVERT(DATE, '2024-02-23', 23)),
('Bilet Satýþý', 1509.56, CONVERT(DATE, '2024-02-27', 23)),
('Etkinlik Geliri', 1335.91, CONVERT(DATE, '2024-02-28', 23)),
('Özel Tur', 904.17, CONVERT(DATE, '2024-03-03', 23)),
('Hediye Dükkaný', 4307.86, CONVERT(DATE, '2024-03-08', 23)),
('Eser Kiralama', 1933.55, CONVERT(DATE, '2024-03-09', 23)),
('Sponsorluk', 1533.87, CONVERT(DATE, '2024-03-10', 23)),
('Eser Kiralama', 4047.19, CONVERT(DATE, '2024-03-11', 23)),
('Hediye Dükkaný', 3864.72, CONVERT(DATE, '2024-03-12', 23)),
('Özel Tur', 4038.97, CONVERT(DATE, '2024-03-13', 23)),
('Etkinlik Geliri', 610.39, CONVERT(DATE, '2024-02-24', 23)),
('Bilet Satýþý', 1543.90, CONVERT(DATE, '2024-02-25', 23)),
('Bilet Satýþý', 1844.78, CONVERT(DATE, '2024-02-26', 23)),
('Eser Kiralama', 3019.58, CONVERT(DATE, '2024-03-14', 23)),
('Özel Tur', 2902.37, CONVERT(DATE, '2024-03-20', 23));





INSERT INTO MuzeGiderleri (Aciklama, Tutar, Tarih) VALUES
('Yýllýk bakým ve onarým', 1200.00, CONVERT(DATE, '01-01-2024', 105)),
('Sergi düzenleme masraflarý', 2000.00, CONVERT(DATE, '02-01-2024', 105)),
('Ekipman alýmý', 1500.00, CONVERT(DATE, '03-01-2024', 105)),
('Personel maaþlarý', 5000.00, CONVERT(DATE, '04-01-2024', 105)),
('Elektrik ve su giderleri', 600.00, CONVERT(DATE, '05-01-2024', 105)),
('Yazýlým lisans ücretleri', 750.00, CONVERT(DATE, '06-01-2024', 105)),
('Sergi malzemeleri', 900.00, CONVERT(DATE, '07-01-2024', 105)),
('Pazarlama ve reklam masraflarý', 1200.00, CONVERT(DATE, '08-01-2024', 105)),
('Bilet satýþ sistemi güncelleme', 400.00, CONVERT(DATE, '09-01-2024', 105)),
('Kýrtasiye malzemeleri', 300.00, CONVERT(DATE, '10-01-2024', 105)),
('Sigorta ödemeleri', 1000.00, CONVERT(DATE, '11-01-2024', 105)),
('Sergi açýlýþý için catering', 850.00, CONVERT(DATE, '12-01-2024', 105)),
('Ýç mekan düzenlemesi', 1500.00, CONVERT(DATE, '13-01-2024', 105)),
('Yol masraflarý', 200.00, CONVERT(DATE, '14-01-2024', 105)),
('Araç kiralama', 500.00, CONVERT(DATE, '15-01-2024', 105)),
('Güvenlik hizmetleri', 1000.00, CONVERT(DATE, '16-01-2024', 105)),
('Çalýþan eðitim giderleri', 600.00, CONVERT(DATE, '17-01-2024', 105)),
('Temizlik hizmetleri', 300.00, CONVERT(DATE, '18-01-2024', 105)),
('Çalýþan maaþlarý (ekstra)', 1500.00, CONVERT(DATE, '19-01-2024', 105)),
('Yýlbaþý etkinliði gideri', 700.00, CONVERT(DATE, '20-01-2024', 105)),
('Basýlý tanýtým materyalleri', 312.79, CONVERT(DATE, '2024-01-21', 23)),
('Duvar boyama hizmeti', 2598.73, CONVERT(DATE, '2024-01-22', 23)),
('Sosyal medya kampanyasý', 1279.93, CONVERT(DATE, '2024-01-23', 23)),
('Bilgi güvenliði yazýlýmý', 1503.95, CONVERT(DATE, '2024-01-24', 23)),
('Ýnternet altyapýsý iyileþtirme', 1515.74, CONVERT(DATE, '2024-01-25', 23)),
('Sergi standý yapýmý', 1905.02, CONVERT(DATE, '2024-01-26', 23)),
('Ziyaretçi geri bildirim sistemi', 1742.68, CONVERT(DATE, '2024-01-27', 23)),
('Gönüllü programý giderleri', 957.01, CONVERT(DATE, '2024-01-28', 23)),
('Bilgi güvenliði yazýlýmý', 1388.57, CONVERT(DATE, '2024-01-29', 23)),
('Sosyal medya kampanyasý', 2958.64, CONVERT(DATE, '2024-01-30', 23)),
('Sosyal medya kampanyasý', 1746.56, CONVERT(DATE, '2024-01-31', 23)),
('Bilgi güvenliði yazýlýmý', 1008.72, CONVERT(DATE, '2024-02-01', 23)),
('Fotoðraf ve video çekimi', 1313.64, CONVERT(DATE, '2024-02-02', 23)),
('Sergi standý yapýmý', 240.58, CONVERT(DATE, '2024-02-03', 23)),
('Ses sistemleri bakýmý', 657.37, CONVERT(DATE, '2024-02-04', 23)),
('Ziyaretçi geri bildirim sistemi', 729.12, CONVERT(DATE, '2024-02-05', 23)),
('Ziyaretçi geri bildirim sistemi', 1865.28, CONVERT(DATE, '2024-02-06', 23)),
('Bahçe düzenlemesi', 1038.74, CONVERT(DATE, '2024-02-07', 23)),
('Acil durum ekipmaný alýmý', 1582.13, CONVERT(DATE, '2024-02-08', 23)),
('Personel saðlýk sigortasý katkýsý', 2510.17, CONVERT(DATE, '2024-02-09', 23)),
('Arþiv dijitalleþtirme hizmeti', 1418.6, CONVERT(DATE, '2024-02-10', 23)),
('Ses sistemleri bakýmý', 1917.74, CONVERT(DATE, '2024-02-11', 23)),
('Basýlý tanýtým materyalleri', 2186.5, CONVERT(DATE, '2024-02-12', 23)),
('Bahçe düzenlemesi', 1011.26, CONVERT(DATE, '2024-02-13', 23)),
('Sergi standý yapýmý', 1747.0, CONVERT(DATE, '2024-02-14', 23)),
('Yedek parça temini', 2273.09, CONVERT(DATE, '2024-02-15', 23)),
('Sosyal medya kampanyasý', 1770.36, CONVERT(DATE, '2024-02-16', 23)),
('Sosyal medya kampanyasý', 435.86, CONVERT(DATE, '2024-02-17', 23)),
('Personel saðlýk sigortasý katkýsý', 1476.95, CONVERT(DATE, '2024-02-18', 23)),
('Aydýnlatma sistemleri yenileme', 1379.89, CONVERT(DATE, '2024-02-19', 23)),
('Bilgi güvenliði yazýlýmý', 2887.9, CONVERT(DATE, '2024-02-20', 23)),
('Ses sistemleri bakýmý', 1841.88, CONVERT(DATE, '2024-02-21', 23)),
('Fotoðraf ve video çekimi', 2106.94, CONVERT(DATE, '2024-02-22', 23)),
('Depo yenileme çalýþmasý', 2024.36, CONVERT(DATE, '2024-02-23', 23)),
('Bilgi güvenliði yazýlýmý', 1369.71, CONVERT(DATE, '2024-02-24', 23)),
('Arþiv dijitalleþtirme hizmeti', 933.48, CONVERT(DATE, '2024-02-25', 23)),
('Bilgi güvenliði yazýlýmý', 1469.56, CONVERT(DATE, '2024-02-26', 23)),
('Klima bakýmý', 1306.17, CONVERT(DATE, '2024-02-27', 23)),
('Arþiv dijitalleþtirme hizmeti', 1133.56, CONVERT(DATE, '2024-02-28', 23)),
('Aydýnlatma sistemleri yenileme', 968.55, CONVERT(DATE, '2024-02-29', 23));




INSERT INTO EserBakimKayitlari (EserID, BakimTarihi, YapilanIslem, SorumluKisi) VALUES
(1, CONVERT(DATE, '15-03-2023', 105), 'Temizlik ve bakým', 2),
(2, CONVERT(DATE, '22-07-2022', 105), 'Renk tazeleme', 3),
(3, CONVERT(DATE, '10-11-2021', 105), 'Yüzey düzeltme', 4),
(4, CONVERT(DATE, '03-05-2024', 105), 'Restorasyon', 5),
(5, CONVERT(DATE, '27-08-2023', 105), 'Zarar tespiti ve onarým', 1),
(2, CONVERT(DATE, '19-12-2022', 105), 'Yüzey temizliði', 5),
(4, CONVERT(DATE, '07-06-2023', 105), 'Materyal yenileme', 4),
(5, CONVERT(DATE, '25-09-2024', 105), 'Görsel düzenleme', 2),
(1, CONVERT(DATE, '04-01-2022', 105), 'Boyama ve yenileme', 1),
(1, CONVERT(DATE, '14-04-2023', 105), 'Yapýsal onarým', 3),
(2, CONVERT(DATE, '30-10-2023', 105), 'Koruyucu kaplama uygulama', 2),
(3, CONVERT(DATE, '11-02-2021', 105), 'Yüzey bakýmý', 4),
(5, CONVERT(DATE, '06-06-2024', 105), 'Ýz býrakma onarýmý', 5),
(4, CONVERT(DATE, '08-03-2022', 105), 'Yer deðiþikliði', 3),
(5, CONVERT(DATE, '12-11-2022', 105), 'Ýzleme ve temizlik', 1),
(1, CONVERT(DATE, '01-08-2021', 105), 'Restorasyon ve koruma', 4),
(3, CONVERT(DATE, '17-01-2024', 105), 'Yüzey temizliði', 1),
(2, CONVERT(DATE, '28-02-2023', 105), 'Dokuma bakýmý', 2),
(1, CONVERT(DATE, '19-09-2022', 105), 'Ekipman bakým çalýþmasý', 3),
(5, CONVERT(DATE, '23-12-2021', 105), 'Yapýsal onarým ve boya', 5),
(7, CONVERT(DATE, '2022-01-23', 23), 'Bakým raporu hazýrlanmasý', 2),
(7, CONVERT(DATE, '2021-08-10', 23), 'Hasar tespiti', 5),
(3, CONVERT(DATE, '2023-10-21', 23), 'Boya sabitleme', 1),
(30, CONVERT(DATE, '2021-06-17', 23), 'Dokuma düzeltmesi', 4),
(27, CONVERT(DATE, '2023-07-08', 23), 'Boyama düzeltmesi', 2),
(21, CONVERT(DATE, '2022-05-22', 23), 'Temizlik ve cilalama', 5),
(19, CONVERT(DATE, '2023-07-20', 23), 'Iþýk filtresi ekleme', 1),
(3, CONVERT(DATE, '2024-01-18', 23), 'Restorasyon uygulamasý', 3),
(27, CONVERT(DATE, '2023-07-14', 23), 'Boyama düzeltmesi', 1),
(4, CONVERT(DATE, '2021-02-27', 23), 'Renk yenileme', 2),
(27, CONVERT(DATE, '2023-03-21', 23), 'Temizlik ve cilalama', 3),
(15, CONVERT(DATE, '2021-11-14', 23), 'Hasar tespiti', 2),
(24, CONVERT(DATE, '2024-03-29', 23), 'Stabilizasyon', 1),
(30, CONVERT(DATE, '2022-08-26', 23), 'Seramik çatlak onarýmý', 1),
(15, CONVERT(DATE, '2021-06-27', 23), 'Arka panel deðiþimi', 3),
(19, CONVERT(DATE, '2023-04-09', 23), 'Seramik çatlak onarýmý', 4),
(19, CONVERT(DATE, '2024-06-28', 23), 'Arka panel deðiþimi', 3),
(17, CONVERT(DATE, '2021-11-13', 23), 'Hasar tespiti', 5),
(21, CONVERT(DATE, '2022-01-22', 23), 'Seramik çatlak onarýmý', 5),
(13, CONVERT(DATE, '2022-01-27', 23), 'Nem kontrolü', 3),
(17, CONVERT(DATE, '2022-07-29', 23), 'Iþýk filtresi ekleme', 3),
(19, CONVERT(DATE, '2023-04-05', 23), 'Çerçeve onarýmý', 5),
(27, CONVERT(DATE, '2024-01-30', 23), 'Nem kontrolü', 2),
(1, CONVERT(DATE, '2021-06-01', 23), 'Etiket yenileme', 2),
(26, CONVERT(DATE, '2022-03-26', 23), 'Restorasyon uygulamasý', 2),
(22, CONVERT(DATE, '2022-04-07', 23), 'Nem kontrolü', 2),
(20, CONVERT(DATE, '2023-05-08', 23), 'Korozyon önleme', 1),
(5, CONVERT(DATE, '2022-05-20', 23), 'Restorasyon uygulamasý', 5),
(7, CONVERT(DATE, '2023-06-12', 23), 'Iþýk filtresi ekleme', 2),
(2, CONVERT(DATE, '2023-06-29', 23), 'Yüzey temizliði', 5),
(25, CONVERT(DATE, '2022-08-11', 23), 'Etiket yenileme', 5),
(6, CONVERT(DATE, '2024-02-16', 23), 'Stabilizasyon', 4),
(7, CONVERT(DATE, '2023-01-06', 23), 'Korozyon önleme', 5),
(23, CONVERT(DATE, '2022-03-14', 23), 'Nem kontrolü', 5),
(29, CONVERT(DATE, '2024-04-25', 23), 'Boya sabitleme', 3),
(29, CONVERT(DATE, '2022-07-31', 23), 'Seramik çatlak onarýmý', 3),
(7, CONVERT(DATE, '2021-06-09', 23), 'Parlatma iþlemi', 1),
(1, CONVERT(DATE, '2023-10-14', 23), 'Çerçeve onarýmý', 2),
(6, CONVERT(DATE, '2024-06-01', 23), 'Korozyon önleme', 2),
(8, CONVERT(DATE, '2021-09-11', 23), 'Koruma altýna alma', 1),
(25, CONVERT(DATE, '2024-04-12', 23), 'Seramik çatlak onarýmý', 3),
(14, CONVERT(DATE, '2023-04-30', 23), 'Yüzey temizliði', 1),
(8, CONVERT(DATE, '2024-06-25', 23), 'Renk yenileme', 4),
(20, CONVERT(DATE, '2024-04-27', 23), 'Temizlik ve cilalama', 4),
(23, CONVERT(DATE, '2024-07-24', 23), 'Hasar tespiti', 3),
(11, CONVERT(DATE, '2021-07-04', 23), 'Temizlik ve cilalama', 4),
(9, CONVERT(DATE, '2023-01-21', 23), 'Koruma altýna alma', 3),
(8, CONVERT(DATE, '2021-08-10', 23), 'Boya sabitleme', 3),
(2, CONVERT(DATE, '2022-05-16', 23), 'Bakým raporu hazýrlanmasý', 4),
(21, CONVERT(DATE, '2021-07-18', 23), 'Yüzey temizliði', 3);




INSERT INTO SanatAkimlari (Ad, Aciklama) VALUES
('Rönesans', '15. yüzyýlda baþlayan klasik sanat akýmý'),
('Barok', 'Dramatik anlatým ve detaylý süslemeleriyle bilinen akým'),
('Neoklasizm', 'Antik Yunan ve Roma sanatýnýn yeniden yorumu'),
('Romantizm', 'Duygu ve bireyselliði öne çýkaran sanat akýmý'),
('Empresyonizm', 'Iþýk ve anlýk izlenimlerin yansýtýldýðý akým'),
('Ekspresyonizm', 'Ýçsel duygu durumlarýný abartýlý biçimle yansýtan akým'),
('Kübizm', 'Doðayý geometrik formlarla ifade eden sanat anlayýþý'),
('Fütürizm', 'Hýz, teknoloji ve modernizmi konu alan akým'),
('Dadaizm', 'Sanatýn mantýksýzlýk ve rastlantý ile ele alýndýðý akým'),
('Sürrealizm', 'Bilinçaltý dünyayý ve rüyalarý yansýtan akým'),
('Pop Art', 'Popüler kültür imgeleriyle yapýlan sanat'),
('Minimalizm', 'Sadelik ve arýnmýþlýk üzerine kurulu sanat akýmý'),
('Soyut Dýþavurumculuk', 'Duygularýn soyut biçimlerle ifade edilmesi'),
('Konseptüel Sanat', 'Fikirin sanatýn önüne geçtiði akým'),
('Postmodernizm', 'Modernizme tepki olarak ortaya çýkan eklektik sanat akýmý'),
('Dijital Sanat', 'Bilgisayar teknolojisiyle oluþturulan sanat'),
('Enstalasyon Sanatý', 'Mekâna özel üç boyutlu sanat uygulamalarý'),
('Yeni Medya Sanatý', 'Ýnteraktif dijital teknolojilerle yapýlan sanat'),
('Street Art', 'Kamusal alanlarda yapýlan sanat, genellikle politik içerikli'),
('Naif Sanat', 'Eðitim almamýþ sanatçýlarýn içtenlikli ve sade üsluplarý'),
('Gotik', 'Orta Çað’da geliþen dini ve sembolik sanat üslubu'),
('Art Nouveau', 'Doðadan esinlenen kývrýmlý çizgilerle süslü sanat akýmý'),
('Art Deco', '1920''lerin simetrik ve geometrik tasarým üslubu'),
('Realizm', 'Gerçekçi anlatým üzerine kurulu sanat hareketi'),
('Sembolizm', 'Simgelerle dolaylý anlatýmý esas alan sanat akýmý'),
('Maniyerizm', 'Rönesans sonrasýnda ortaya çýkan abartýlý üslup'),
('Primitivizm', 'Ýlkel sanat biçimlerinden ilham alan modern akým'),
('Optik Sanat', 'Görsel illüzyonlar yaratan sanat tarzý'),
('Performans Sanatý', 'Sanatçýnýn eylemlerinin sanat olduðu akým'),
('Fluxus', 'Mizahi, deneysel ve kavramsal sanatý vurgulayan akým'),
('Neo-Ekspresyonizm', '1980''lerde ortaya çýkan figüratif ve duygusal resimler'),
('Post-Empresyonizm', 'Empresyonizmin ötesine geçerek bireysel ifade arayan akým'),
('Bauhaus', 'Sanat, zanaat ve teknolojiyi birleþtiren modernist yaklaþým'),
('Suprematizm', 'Soyut geometrik formlarý temel alan Rus sanat akýmý'),
('Konstrüktivizm', 'Sanatý toplumsal yapý ve teknolojiyle birleþtirme akýmý'),
('Metafizik Resim', 'Rasyonel olmayan sahnelerle bilinçaltýna seslenen akým'),
('Video Art', 'Video teknolojisi kullanýlarak yapýlan sanat çalýþmalarý'),
('Bio Art', 'Canlý organizmalarla yapýlan deneysel sanat biçimi'),
('Verizm', 'Aþýrý gerçekçilikle özellikle yüz ifadelerini betimleyen akým'),
('Neo-Dada', 'Dada geleneðini 1950''lerde yeniden canlandýran akým');



INSERT INTO SanatciAkim (SanatciID, AkimID) VALUES
(1, 17), -- Leonardo da Vinci ? Enstalasyon Sanatý
(2, 8), -- Vincent van Gogh ? Fütürizm
(3, 37), -- Pablo Picasso ? Sanat Akýmý 37
(4, 20), -- Frida Kahlo ? Naif Sanat
(5, 32), -- Salvador Dalí ? Sanat Akýmý 32
(6, 19), -- Claude Monet ? Street Art
(7, 38), -- Michelangelo ? Sanat Akýmý 38
(8, 20), -- Jackson Pollock ? Naif Sanat
(9, 19), -- Andy Warhol ? Street Art
(10, 31), -- Ýbrahim Balaban ? Sanat Akýmý 31
(11, 26), -- Banksy ? Sanat Akýmý 26
(12, 7), -- Ayþe Yýlmaz ? Kübizm
(13, 14), -- Ali Demir ? Konseptüel Sanat
(14, 34), -- Elif Kaya ? Sanat Akýmý 34
(15, 35), -- Kazimir Malevich ? Sanat Akýmý 35
(16, 6), -- Yayoi Kusama ? Ekspresyonizm
(17, 15), -- Henri Matisse ? Postmodernizm
(18, 16), -- Georgia O’Keeffe ? Dijital Sanat
(19, 7), -- Lucian Freud ? Kübizm
(20, 18), -- Zehra Arslan ? Yeni Medya Sanatý
(21, 34), -- Sanatçý 21 ? Sanat Akýmý 34
(22, 27), -- Sanatçý 22 ? Sanat Akýmý 27
(23, 17), -- Sanatçý 23 ? Enstalasyon Sanatý
(24, 29), -- Sanatçý 24 ? Sanat Akýmý 29
(25, 22), -- Sanatçý 25 ? Sanat Akýmý 22
(26, 10), -- Sanatçý 26 ? Sürrealizm
(27, 13), -- Sanatçý 27 ? Soyut Dýþavurumculuk
(28, 5), -- Sanatçý 28 ? Empresyonizm
(29, 35), -- Sanatçý 29 ? Sanat Akýmý 35
(30, 19), -- Sanatçý 30 ? Street Art
(31, 32), -- Sanatçý 31 ? Sanat Akýmý 32
(32, 34), -- Sanatçý 32 ? Sanat Akýmý 34
(33, 14), -- Sanatçý 33 ? Konseptüel Sanat
(34, 19), -- Sanatçý 34 ? Street Art
(35, 14), -- Sanatçý 35 ? Konseptüel Sanat
(36, 30), -- Sanatçý 36 ? Sanat Akýmý 30
(37, 19), -- Sanatçý 37 ? Street Art
(38, 19), -- Sanatçý 38 ? Street Art
(39, 30), -- Sanatçý 39 ? Sanat Akýmý 30
(40, 8), -- Sanatçý 40 ? Fütürizm
(41, 19), -- Sanatçý 41 ? Street Art
(42, 22), -- Sanatçý 42 ? Sanat Akýmý 22
(43, 29), -- Sanatçý 43 ? Sanat Akýmý 29
(44, 24), -- Sanatçý 44 ? Sanat Akýmý 24
(45, 26), -- Sanatçý 45 ? Sanat Akýmý 26
(46, 10), -- Sanatçý 46 ? Sürrealizm
(47, 26), -- Sanatçý 47 ? Sanat Akýmý 26
(48, 40), -- Sanatçý 48 ? Sanat Akýmý 40
(49, 1), -- Sanatçý 49 ? Rönesans
(50, 17), -- Sanatçý 50 ? Enstalasyon Sanatý
(51, 2), -- Sanatçý 51 ? Barok
(52, 1), -- Sanatçý 52 ? Rönesans
(53, 39), -- Sanatçý 53 ? Sanat Akýmý 39
(54, 15), -- Sanatçý 54 ? Postmodernizm
(55, 13), -- Sanatçý 55 ? Soyut Dýþavurumculuk
(56, 33), -- Sanatçý 56 ? Sanat Akýmý 33
(57, 3), -- Sanatçý 57 ? Neoklasizm
(58, 8), -- Sanatçý 58 ? Fütürizm
(59, 16), -- Sanatçý 59 ? Dijital Sanat
(60, 22); -- Sanatçý 60 ? Sanat Akýmý 22,




INSERT INTO Adminler (KullaniciAdi, SifreHash, Ad, Soyad, Email, YetkiSeviyesi) VALUES
('admin01', '5f4dc', 'Ahmet', 'Yýlmaz', 'ahmet.yilmaz@muze.com', 'Tam Yetki'),
('admin02', 'e99a', 'Mehmet', 'Kaya', 'mehmet.kaya@muze.com', 'Sýnýrlý'),
('admin03', '25d5', 'Ayþe', 'Demir', 'ayse.demir@muze.com', 'Tam Yetki'),
('admin04', '1d2d', 'Zeynep', 'Çelik', 'zeynep.celik@muze.com', 'Sýnýrlý'),
('admin05', '03c6', 'Ali', 'Yýldýz', 'ali.yildiz@muze.com', 'Tam Yetki'),
('admin06', 'c4ca', 'Veli', 'Güzel', 'veli.guzel@muze.com', 'Sýnýrlý'),
('admin07', '098f', 'Fatma', 'Þahin', 'fatma.sahin@muze.com', 'Tam Yetki'),
('admin08', '9a03', 'Burak', 'Sarý', 'burak.sari@muze.com', 'Sýnýrlý'),
('admin09', 'ac34', 'Esra', 'Aydýn', 'esra.aydin@muze.com', 'Tam Yetki'),
('admin10', '27e3', 'Hakan', 'Kuþ', 'hakan.kus@muze.com', 'Sýnýrlý'),
('admin11', 'c20a', 'Cem', 'Köseoðlu', 'cem.koseoglu@muze.com', 'Tam Yetki'),
('admin12', 'd2d2', 'Seda', 'Pekdemir', 'seda.pekdemir@muze.com', 'Sýnýrlý'),
('admin13', 'ab56', 'Kemal', 'Doðan', 'kemal.dogan@muze.com', 'Tam Yetki'),
('admin14', '5f9d', 'Serdar', 'Büyük', 'serdar.buyuk@muze.com', 'Sýnýrlý'),
('admin15', '7c4a', 'Emine', 'Akdeniz', 'emine.akdeniz@muze.com', 'Tam Yetki'),
('admin16', 'd3d9', 'Ýsmail', 'Çolak', 'ismail.colak@muze.com', 'Sýnýrlý'),
('admin17', '5a10', 'Aylin', 'Balkan', 'aylin.balkan@muze.com', 'Tam Yetki'),
('admin18', '8d96', 'Deniz', 'Güler', 'deniz.guler@muze.com', 'Sýnýrlý'),
('admin19', 'abf3f', 'Selim', 'Yalçýn', 'selim.yalcin@muze.com', 'Tam Yetki'),
('admin20', '76a2', 'Duygu', 'Kara', 'duygu.kara@muze.com', 'Sýnýrlý'),
('employee01', 'emp123', 'Zeynep', 'Demir', 'employee@muze.com', 'Sýnýrlý'),
('sinem', '00sinem00', 'Sinem', 'Demir', 'sinem.demir@muze.com', 'Sýnýrlý'),
('eda', 'eda1', 'Eda', 'Çýkýkçý', 'eda.cikikci@muze.com', 'Sýnýrlý'),
('bengisu', 'beng', 'Bengisu', 'Baþ', 'bengisu.bas@muze.com', 'Sýnýrlý');
